gene_id	KO_1	KO_2	KO_3	WT_1	WT_2	WT_3
ENSG00000003137	1176	1198	1117	1075	1076	1030
ENSG00000003393	758	745	747	619	638	660
ENSG00000003400	212	216	249	210	210	211
ENSG00000003402	1210	1295	1304	1192	1343	1147
ENSG00000003436	2606	3005	2631	2367	2710	2075
ENSG00000003509	1218	1188	1226	1397	1593	1293
ENSG00000005436	1368	1367	1295	1299	1314	1240
ENSG00000005448	409	441	422	422	395	387
ENSG00000006607	2363	2410	2456	2941	3012	2642
ENSG00000007001	0	0	0	0	0	0
ENSG00000008869	1231	1299	1301	1408	1573	1408
ENSG00000011523	986	924	977	1241	1356	1143
ENSG00000011566	1731	1688	1805	1799	1994	1699
ENSG00000013016	0	0	0	0	0	0
ENSG00000013441	832	580	898	925	692	835
ENSG00000014641	9928	9796	10292	9200	9939	8711
ENSG00000015568	7	17	124	22	35	12
ENSG00000018280	10	12	14	8	15	16
ENSG00000018510	4689	4685	4569	5229	5780	4802
ENSG00000018607	0	0	0	0	0	0
ENSG00000018699	2651	2569	2459	2900	3065	2679
ENSG00000019169	27	21	24	2	5	4
ENSG00000021574	2895	3018	2864	3576	4065	3205
ENSG00000021826	100012	94227	99532	118259	122597	109604
ENSG00000023228	7244	7438	7332	7469	8383	7114
ENSG00000028116	2599	2661	2503	2785	3046	2790
ENSG00000030419	2	3	3	1	1	4
ENSG00000032389	731	745	695	939	950	835
ENSG00000034510	31611	32853	31097	33471	32290	30894
ENSG00000035115	66	60	61	62	68	50
ENSG00000035141	4125	4186	4092	5834	5980	5380
ENSG00000036257	5198	5112	4757	5507	5625	4986
ENSG00000040933	1111	1250	1093	1094	1335	1047
ENSG00000042304	0	0	0	0	0	0
ENSG00000042445	3209	3394	3143	4017	3996	3492
ENSG00000042493	4659	4968	4713	3711	3731	3447
ENSG00000048991	3614	3959	3554	4271	4565	3988
ENSG00000049323	486	399	506	147	156	159
ENSG00000054219	7	8	9	2	7	2
ENSG00000054356	1	1	0	0	0	1
ENSG00000055044	8629	8245	7700	9730	9357	7936
ENSG00000055332	6466	6703	6194	8609	9431	7778
ENSG00000055813	0	0	0	2	0	1
ENSG00000055917	5154	5089	4890	5433	6132	5044
ENSG00000057935	1589	1661	1721	1924	1897	1734
ENSG00000059728	730	668	766	503	483	436
ENSG00000061676	8824	9308	8541	9748	11334	8934
ENSG00000063660	2230	2475	2233	2560	2709	2417
ENSG00000064012	1113	1199	1120	1556	1650	1406
ENSG00000064933	755	762	735	808	951	715
ENSG00000064989	1	1	2	0	3	2
ENSG00000065413	307	325	389	340	390	338
ENSG00000065548	4403	4330	4136	4790	4537	4005
ENSG00000065802	1052	1131	1188	1368	1503	1278
ENSG00000065911	12741	12301	12426	14939	15416	13355
ENSG00000066032	0	0	0	0	0	0
ENSG00000066248	492	514	475	406	397	437
ENSG00000067066	548	575	561	565	575	518
ENSG00000068024	1457	1497	1317	2247	2589	1952
ENSG00000068615	831	764	893	509	510	514
ENSG00000068654	7410	7918	6962	8576	9169	7927
ENSG00000068697	7393	7620	7384	6156	7179	5893
ENSG00000068724	2808	2686	2866	3078	3008	2913
ENSG00000068781	0	0	0	0	0	0
ENSG00000068784	1130	1088	1059	1274	1220	1139
ENSG00000068878	6429	7055	6270	8177	9394	7527
ENSG00000068912	2862	3149	2837	3239	3673	3050
ENSG00000071051	11	18	7	3	7	10
ENSG00000071054	9005	9078	8450	9184	9837	8341
ENSG00000071073	1258	1316	1356	726	821	725
ENSG00000071082	17784	17693	17820	18940	20745	17379
ENSG00000071575	0	0	1	0	1	0
ENSG00000071677	0	0	0	0	0	0
ENSG00000071909	3	3	2	1	5	5
ENSG00000071967	1396	1263	1593	933	1035	1051
ENSG00000072080	9	13	12	9	11	9
ENSG00000072135	724	708	634	847	797	706
ENSG00000072163	254	287	275	136	167	153
ENSG00000072182	1	5	0	1	0	0
ENSG00000072195	848	938	1033	549	653	544
ENSG00000073734	18	20	13	10	17	6
ENSG00000073737	0	0	0	0	0	1
ENSG00000074047	534	656	543	746	838	715
ENSG00000074054	3405	3592	3592	3908	4254	3879
ENSG00000074582	875	923	821	1066	1143	931
ENSG00000075292	6263	6549	6751	7573	7911	7192
ENSG00000075340	6	6	9	8	18	5
ENSG00000075426	7193	7312	6412	7080	7971	6554
ENSG00000075568	2959	3128	2847	2781	3207	2771
ENSG00000075884	0	0	2	1	2	1
ENSG00000075886	0	0	0	0	0	0
ENSG00000076003	7349	7714	7778	7476	7879	6791
ENSG00000077044	5508	5494	5291	4952	5880	4591
ENSG00000077232	5516	5472	5634	6381	6687	5553
ENSG00000077380	3542	3641	3469	3508	3815	3249
ENSG00000078018	3	5	1	2	5	3
ENSG00000078098	114	112	154	79	126	119
ENSG00000079150	121	119	129	162	173	169
ENSG00000079156	127	146	139	125	119	100
ENSG00000079246	22816	22825	22747	24760	26236	22381
ENSG00000079263	3	1	0	0	0	0
ENSG00000079308	2113	2360	2359	2208	2140	2140
ENSG00000079785	9780	9491	9262	9892	10270	8555
ENSG00000080293	0	0	0	0	0	0
ENSG00000080345	7010	7652	6967	8043	9569	7160
ENSG00000081052	1374	1278	1563	650	911	812
ENSG00000081320	717	697	732	773	759	667
ENSG00000081479	0	1	0	0	4	0
ENSG00000082126	5	4	6	4	4	5
ENSG00000082146	577	553	571	834	803	784
ENSG00000082153	16649	18602	15917	18000	19151	15206
ENSG00000082258	1636	1591	1592	1783	2066	1670
ENSG00000082438	3250	3175	3558	3389	3970	3587
ENSG00000082898	27866	28224	26734	37177	39114	31699
ENSG00000084090	12043	11657	10870	14427	14590	12298
ENSG00000084674	0	0	3	0	0	0
ENSG00000084676	826	880	868	1016	952	952
ENSG00000084693	1530	1637	1622	1554	1769	1593
ENSG00000084710	1913	1932	1951	1115	998	915
ENSG00000084731	514	615	625	313	345	329
ENSG00000084733	7023	7052	7054	7384	7686	7036
ENSG00000084734	0	0	0	0	0	0
ENSG00000084754	6764	6756	7122	7079	7114	6799
ENSG00000084764	186	195	189	81	108	81
ENSG00000084774	6713	7430	6320	8286	9084	7525
ENSG00000085449	2705	2792	2802	2585	2896	2524
ENSG00000085760	3512	3778	3289	4364	4432	3758
ENSG00000085978	1405	1338	1365	1467	1643	1325
ENSG00000085982	1166	1252	1144	1174	1441	1218
ENSG00000087338	1507	1560	1564	1758	1880	1648
ENSG00000088179	1619	1552	1778	1730	1891	1639
ENSG00000088205	10181	10189	9276	12030	12635	10023
ENSG00000091106	0	0	0	0	0	0
ENSG00000091409	3039	3521	2891	2788	3389	2783
ENSG00000091428	23	32	38	23	22	19
ENSG00000091436	4262	4533	4498	4184	4711	4023
ENSG00000095002	5968	6158	6190	6403	6769	5741
ENSG00000108442	0	0	0	0	0	0
ENSG00000114923	54	63	33	17	26	22
ENSG00000114933	833	921	930	1044	1202	1003
ENSG00000114942	13027	12917	12548	13016	12892	11307
ENSG00000114948	0	1	0	1	0	0
ENSG00000114956	1434	1609	1436	1613	1716	1566
ENSG00000114978	9459	8964	9306	9877	10661	9373
ENSG00000114982	4113	3847	3918	3978	3938	3929
ENSG00000114988	856	970	850	1230	1227	1054
ENSG00000114993	672	676	717	902	902	831
ENSG00000114999	7152	7563	7203	7943	8698	7291
ENSG00000115008	10	3	1	1	0	2
ENSG00000115009	0	2	1	0	0	0
ENSG00000115020	2512	2620	2589	2493	2942	2587
ENSG00000115041	446	375	417	407	389	372
ENSG00000115042	941	949	929	851	886	831
ENSG00000115053	81030	78768	68092	93045	89673	74817
ENSG00000115073	1581	1615	1598	1976	1995	1701
ENSG00000115084	4885	5372	5213	4791	5841	5016
ENSG00000115085	15	11	13	11	14	7
ENSG00000115091	12561	12805	12266	11717	13624	11300
ENSG00000115107	3101	3315	3102	3105	3172	2982
ENSG00000115109	1049	1085	1101	1068	1191	997
ENSG00000115112	0	0	2	0	0	1
ENSG00000115128	2629	2643	2590	2539	2718	2377
ENSG00000115129	562	550	504	408	462	407
ENSG00000115137	150	149	133	163	161	147
ENSG00000115138	0	0	0	0	0	0
ENSG00000115145	1156	1149	1149	924	1013	1054
ENSG00000115155	2	6	5	0	2	7
ENSG00000115159	4796	4842	4894	6290	6942	5809
ENSG00000115163	940	865	825	1004	1032	875
ENSG00000115165	1	2	1	0	1	1
ENSG00000115170	502	521	467	396	447	443
ENSG00000115183	2460	2480	2568	2416	2441	2115
ENSG00000115194	6	4	8	9	9	6
ENSG00000115204	915	999	948	827	833	710
ENSG00000115207	4616	4827	4561	5351	5512	5029
ENSG00000115211	1161	1274	1088	1012	1120	931
ENSG00000115216	3408	3645	3158	3168	3331	3114
ENSG00000115221	18	13	19	3	10	5
ENSG00000115226	0	0	0	0	0	0
ENSG00000115232	0	0	0	0	0	0
ENSG00000115233	5411	5348	4918	5841	6096	4998
ENSG00000115234	2565	2659	2522	2566	2946	2414
ENSG00000115239	939	965	983	1224	1381	1195
ENSG00000115241	9905	9357	8785	11345	11131	9978
ENSG00000115252	807	739	951	1024	1081	966
ENSG00000115263	0	0	0	0	0	0
ENSG00000115267	200	141	166	239	205	217
ENSG00000115271	75	82	93	132	142	123
ENSG00000115274	598	612	570	748	699	731
ENSG00000115275	2345	2391	2504	2964	3200	2852
ENSG00000115282	951	975	1058	1039	1098	945
ENSG00000115289	414	404	427	490	539	496
ENSG00000115290	1	1	0	6	6	1
ENSG00000115295	157	131	131	261	363	285
ENSG00000115297	0	1	0	0	0	0
ENSG00000115306	32536	34918	31587	26954	30540	26084
ENSG00000115307	5609	6102	5336	6452	6538	5742
ENSG00000115310	13181	14024	12621	14947	15681	13669
ENSG00000115317	905	945	960	1177	1418	1235
ENSG00000115318	95	108	88	103	119	104
ENSG00000115325	346	367	347	352	416	302
ENSG00000115339	0	0	0	1	0	1
ENSG00000115350	926	1009	938	889	877	795
ENSG00000115353	1	1	1	0	0	0
ENSG00000115355	4153	4537	4207	5433	5972	5347
ENSG00000115361	2	2	7	6	14	5
ENSG00000115363	64	86	79	42	57	34
ENSG00000115364	7052	7166	7065	8140	9054	7562
ENSG00000115365	5538	5617	5855	6348	7486	6555
ENSG00000115368	3030	3095	2714	3486	3681	3073
ENSG00000115380	10429	11723	10421	10733	13128	11115
ENSG00000115386	0	0	0	0	0	0
ENSG00000115392	1078	1090	1253	1273	1520	1163
ENSG00000115414	64	64	80	33	39	36
ENSG00000115415	3757	3654	3666	3198	3502	3031
ENSG00000115419	4582	4774	4928	3408	4366	3492
ENSG00000115421	901	836	942	1021	1078	979
ENSG00000115423	5	13	18	4	4	4
ENSG00000115425	267	235	305	206	247	199
ENSG00000115446	1368	1457	1316	1442	1584	1369
ENSG00000115457	6	10	9	7	10	12
ENSG00000115459	301	331	307	280	344	282
ENSG00000115461	63	43	96	27	22	30
ENSG00000115464	8459	9573	8357	9683	11817	9393
ENSG00000115468	53	37	34	68	72	74
ENSG00000115474	0	0	0	0	0	0
ENSG00000115484	22666	22653	20947	22255	23446	19946
ENSG00000115486	2100	2208	1962	1798	2118	1804
ENSG00000115488	12	12	13	24	21	15
ENSG00000115504	1974	2009	2023	2243	2390	2088
ENSG00000115507	379	390	396	666	730	712
ENSG00000115514	2600	2558	2732	2901	2961	2653
ENSG00000115520	679	721	728	788	758	592
ENSG00000115523	1	0	2	0	0	0
ENSG00000115524	17016	17337	16267	17797	19716	16416
ENSG00000115525	111	103	111	112	96	113
ENSG00000115526	0	0	0	0	0	0
ENSG00000115539	1546	1637	1306	1711	1845	1575
ENSG00000115540	1649	1682	1611	1519	1746	1456
ENSG00000115541	7161	7057	5930	8872	9011	7645
ENSG00000115548	2419	2497	2515	2566	2737	2368
ENSG00000115556	48	66	82	31	18	43
ENSG00000115561	3325	3462	3202	3819	3842	3409
ENSG00000115568	1617	1754	1506	1844	2009	1842
ENSG00000115590	0	0	0	0	0	1
ENSG00000115592	4	5	3	5	3	7
ENSG00000115593	0	0	0	0	0	0
ENSG00000115594	72	73	92	12	10	9
ENSG00000115596	641	670	695	759	687	743
ENSG00000115598	0	0	0	0	0	0
ENSG00000115602	0	0	0	0	0	0
ENSG00000115604	0	0	0	0	0	0
ENSG00000115607	0	0	0	0	0	0
ENSG00000115616	0	0	0	0	0	0
ENSG00000115641	5037	5284	4653	4773	5651	4301
ENSG00000115648	3	6	1	6	14	4
ENSG00000115649	803	833	801	1150	1102	1061
ENSG00000115652	1679	1707	1594	1609	1696	1615
ENSG00000115657	1301	1192	1183	1722	1721	1401
ENSG00000115661	611	609	600	621	677	597
ENSG00000115665	0	0	0	0	0	0
ENSG00000115677	29461	30236	28101	30326	31337	28410
ENSG00000115685	1233	1245	1390	1183	1212	1161
ENSG00000115687	882	939	1013	986	1155	983
ENSG00000115694	2091	2159	2029	2582	2759	2349
ENSG00000115705	0	0	0	0	0	0
ENSG00000115718	0	3	2	1	0	0
ENSG00000115738	137	85	148	86	83	98
ENSG00000115750	919	951	980	870	961	854
ENSG00000115756	3959	4021	3681	3361	3744	3172
ENSG00000115758	15672	16262	13846	15014	15825	13262
ENSG00000115760	5894	6971	6240	6813	8590	6805
ENSG00000115761	2460	2439	2239	2629	2774	2389
ENSG00000115762	4560	4756	4227	4581	4907	4245
ENSG00000115806	4935	4690	4633	4945	5065	4551
ENSG00000115808	3383	3496	3709	4460	4905	4276
ENSG00000115816	7336	7147	6639	7683	8210	6714
ENSG00000115825	7908	7497	8051	8090	9279	8121
ENSG00000115827	631	698	692	848	891	753
ENSG00000115828	4	4	5	2	7	4
ENSG00000115839	3129	2973	3041	3290	3325	2969
ENSG00000115840	1318	1374	1413	1338	1432	1305
ENSG00000115841	151	156	153	144	140	128
ENSG00000115844	809	801	697	941	958	917
ENSG00000115850	1	0	0	0	0	1
ENSG00000115866	3397	3548	3260	3699	4073	3317
ENSG00000115875	10457	9246	9100	11921	12223	9624
ENSG00000115884	3563	4125	3529	3389	3555	3055
ENSG00000115896	0	0	0	0	0	0
ENSG00000115902	1576	1677	1577	1971	2006	1818
ENSG00000115904	4130	4213	4584	5047	5371	5186
ENSG00000115919	2505	2906	2445	2622	3412	2369
ENSG00000115935	4156	4239	4352	5946	6657	5467
ENSG00000115942	2011	1991	2057	2599	2640	2301
ENSG00000115944	3683	3590	3794	3795	3835	3286
ENSG00000115946	3059	2953	2629	3365	3530	2913
ENSG00000115947	1409	1382	1436	1466	1628	1423
ENSG00000115956	8	14	8	6	2	0
ENSG00000115963	2060	2026	1647	1674	1961	1547
ENSG00000115966	2070	2211	2116	1975	2232	1910
ENSG00000115970	1815	2007	1756	2077	2367	1944
ENSG00000115977	2715	3475	3018	2784	3154	2747
ENSG00000115993	1782	1757	1746	1809	1951	1765
ENSG00000115998	272	251	214	325	292	275
ENSG00000116001	3499	3474	3541	3941	4645	3818
ENSG00000116005	7168	7041	6840	7457	7931	6949
ENSG00000116016	11068	10888	9849	6234	6624	5915
ENSG00000116030	5257	5200	5143	5340	5529	4994
ENSG00000116031	0	0	1	0	0	1
ENSG00000116035	0	0	0	0	1	0
ENSG00000116039	0	1	1	0	0	1
ENSG00000116044	6660	6223	6273	7008	7117	6141
ENSG00000116062	10625	10752	10243	11720	11701	10209
ENSG00000116095	955	1050	1011	1172	1313	1070
ENSG00000116096	1947	2127	1906	2312	2171	2060
ENSG00000116106	0	0	0	0	0	0
ENSG00000116117	155	200	168	207	230	204
ENSG00000116120	5373	5577	5348	5702	5763	5054
ENSG00000116127	1915	2202	1885	2285	2819	2214
ENSG00000118004	5	6	4	3	2	6
ENSG00000118231	0	0	0	0	0	0
ENSG00000118242	256	257	288	322	341	299
ENSG00000118245	0	0	0	0	0	0
ENSG00000118246	3093	2988	2962	3061	3155	2826
ENSG00000118257	41	57	53	140	133	146
ENSG00000118260	1106	1097	1079	1103	1409	1155
ENSG00000118263	356	370	369	382	381	351
ENSG00000118640	1630	1697	1724	1520	1617	1578
ENSG00000118960	430	494	440	363	362	325
ENSG00000118961	796	864	760	680	841	741
ENSG00000118965	339	318	341	1214	1377	1204
ENSG00000118997	23	28	26	26	25	11
ENSG00000119004	506	548	521	535	565	441
ENSG00000119013	1052	1143	1115	950	1037	880
ENSG00000119041	1924	1982	1852	1934	2204	1867
ENSG00000119042	433	522	499	502	475	421
ENSG00000119147	0	0	0	0	0	0
ENSG00000119185	2330	2377	2129	2881	2981	2550
ENSG00000119203	2113	2344	2045	2518	2701	2432
ENSG00000119729	3412	3571	3765	3461	3715	3532
ENSG00000119737	83	106	86	133	153	124
ENSG00000119760	1564	1574	1568	1649	1765	1620
ENSG00000119771	1305	1311	1297	886	988	906
ENSG00000119772	152	152	191	258	276	242
ENSG00000119777	3856	4127	3376	3346	3834	3288
ENSG00000119778	889	923	917	1032	1137	1019
ENSG00000119782	3	0	3	0	4	0
ENSG00000119787	4088	4230	3884	4785	5077	4169
ENSG00000119801	712	703	857	472	583	517
ENSG00000119812	4550	4936	4745	4605	5098	4689
ENSG00000119820	3314	3208	2581	2789	2573	2305
ENSG00000119844	1815	1848	1771	1912	2128	1904
ENSG00000119862	642	732	709	726	702	697
ENSG00000119865	2	0	2	0	0	0
ENSG00000119866	5	8	7	5	6	4
ENSG00000119878	718	761	778	751	801	682
ENSG00000119888	0	1	74	0	0	18
ENSG00000121152	5128	5203	4394	6020	6354	5215
ENSG00000121964	323	341	334	295	307	269
ENSG00000121966	4236	4282	3920	3964	3827	3371
ENSG00000121988	360	368	306	413	438	356
ENSG00000121989	231	221	234	293	310	268
ENSG00000122085	831	887	966	951	1015	919
ENSG00000123485	2145	2085	2036	2848	3034	2348
ENSG00000123600	1877	1837	1801	1941	2179	1759
ENSG00000123607	1184	1144	1280	1311	1524	1347
ENSG00000123609	392	374	328	303	386	298
ENSG00000123610	1	0	0	0	0	0
ENSG00000123612	0	0	0	0	0	0
ENSG00000123636	881	832	877	910	1008	874
ENSG00000123977	44	28	18	17	26	14
ENSG00000123983	7905	7689	8122	8949	8649	8198
ENSG00000123989	3049	3542	3023	2308	2523	2065
ENSG00000123992	1111	1114	987	1340	1320	1197
ENSG00000123999	239	302	283	150	207	163
ENSG00000124003	0	0	0	0	0	0
ENSG00000124006	3876	4040	4064	3918	3940	3539
ENSG00000124019	1	1	1	1	3	2
ENSG00000124356	2370	2418	2305	2622	2940	2428
ENSG00000124357	614	644	604	522	588	500
ENSG00000124370	267	270	256	283	263	232
ENSG00000124374	186	181	219	101	122	81
ENSG00000124380	1550	1547	1580	1659	1822	1536
ENSG00000124383	4467	4448	3838	5021	4946	4170
ENSG00000124831	6390	6842	6559	7371	7352	6359
ENSG00000124839	797	791	853	721	745	671
ENSG00000125538	11	7	13	1	4	1
ENSG00000125551	9	28	35	7	10	12
ENSG00000125571	3	2	5	3	5	0
ENSG00000125611	661	708	682	956	800	733
ENSG00000125618	13	21	22	14	31	21
ENSG00000125629	498	486	528	362	349	336
ENSG00000125630	4800	5270	4614	5810	6519	5181
ENSG00000125631	0	0	0	0	0	0
ENSG00000125633	2198	2340	2301	2367	2841	2374
ENSG00000125637	79	84	80	122	160	107
ENSG00000127824	6212	6539	5514	6469	7070	5728
ENSG00000127831	5	5	2	4	1	1
ENSG00000127837	3640	3757	3296	4322	4398	3572
ENSG00000127838	1673	1798	1676	1705	1699	1590
ENSG00000128641	6710	6300	6111	5328	6232	5095
ENSG00000128645	0	0	0	0	0	0
ENSG00000128652	7	5	14	4	4	4
ENSG00000128654	1139	1182	1146	1133	1160	1145
ENSG00000128655	14	8	13	37	26	27
ENSG00000128656	364	410	330	503	587	508
ENSG00000128683	9	11	8	1	6	3
ENSG00000128692	508	516	543	559	577	530
ENSG00000128694	474	495	473	469	483	502
ENSG00000128699	1343	1315	1413	1452	1499	1343
ENSG00000128708	3557	3711	3642	4076	4643	3819
ENSG00000128709	345	378	315	433	480	375
ENSG00000128710	598	598	634	678	753	633
ENSG00000128713	498	505	594	622	627	600
ENSG00000128714	0	1	0	0	0	0
ENSG00000130147	1787	1827	1543	1797	1869	1594
ENSG00000130294	8	8	9	8	12	5
ENSG00000130414	2957	3038	2825	3319	3292	2978
ENSG00000130508	4966	4629	4487	4615	5171	4483
ENSG00000130561	36	36	29	27	42	22
ENSG00000132031	92	80	75	78	87	80
ENSG00000132300	7224	7065	6718	8310	9028	7268
ENSG00000132305	10663	10624	10221	11043	11287	10554
ENSG00000132313	2666	2618	2673	3209	3448	3161
ENSG00000132321	0	0	0	0	0	0
ENSG00000132323	908	908	852	1021	1121	882
ENSG00000132326	481	470	388	537	622	450
ENSG00000132329	0	0	0	0	0	0
ENSG00000132330	1030	1073	1060	1136	1205	1056
ENSG00000134308	20427	21160	20139	21424	23397	20076
ENSG00000134313	2263	2462	2250	2339	2599	2252
ENSG00000134317	544	478	515	557	591	566
ENSG00000134318	13943	14340	13658	13575	16008	12652
ENSG00000134321	1	4	0	0	0	1
ENSG00000134323	0	0	0	0	0	0
ENSG00000134324	2353	2355	2597	2386	2316	2307
ENSG00000134326	0	0	2	0	0	0
ENSG00000134330	652	616	643	655	715	671
ENSG00000135617	476	509	436	470	493	428
ENSG00000135622	324	405	430	329	316	307
ENSG00000135624	23604	23622	22123	25239	25439	22011
ENSG00000135625	0	0	0	0	0	0
ENSG00000135631	1270	1405	1288	1205	1226	1152
ENSG00000135632	2827	2887	2584	3819	3650	3272
ENSG00000135636	363	412	439	227	235	256
ENSG00000135637	608	658	595	824	977	739
ENSG00000135638	0	0	0	0	0	0
ENSG00000135898	0	0	0	0	0	0
ENSG00000135899	31	40	32	29	26	31
ENSG00000135900	2116	2105	1950	2389	2374	2242
ENSG00000135902	449	423	464	510	617	501
ENSG00000135903	0	0	0	0	2	0
ENSG00000135905	541	663	630	626	712	593
ENSG00000135912	1437	1534	1510	1883	1913	1814
ENSG00000135913	1316	1274	1466	1455	1695	1447
ENSG00000135914	0	0	0	0	0	0
ENSG00000135916	1060	1160	1217	826	888	829
ENSG00000135917	24	26	28	17	31	24
ENSG00000135919	1430	2135	1285	888	1144	722
ENSG00000135924	801	844	761	721	675	668
ENSG00000135925	15	23	17	3	4	2
ENSG00000135926	1830	2005	1858	1825	1688	1727
ENSG00000135929	12	16	15	13	15	4
ENSG00000135930	4307	4371	3952	4687	4640	4081
ENSG00000135931	363	387	371	316	366	290
ENSG00000135932	2446	2452	2398	2706	2835	2459
ENSG00000135940	3995	3928	4019	4526	4410	4155
ENSG00000135945	1763	1691	1786	2053	2185	1880
ENSG00000135951	62	76	55	39	36	28
ENSG00000135953	162	175	184	137	177	148
ENSG00000135956	2760	2842	2744	2712	2557	2477
ENSG00000135960	0	0	0	0	0	0
ENSG00000135966	1886	1905	1796	3185	3388	2700
ENSG00000135968	2573	2537	2490	2514	3007	2485
ENSG00000135972	2437	2481	2555	2901	2875	2771
ENSG00000135973	0	0	0	0	0	0
ENSG00000135974	1527	1461	1492	1690	1712	1471
ENSG00000135976	546	648	661	545	638	574
ENSG00000135999	1039	939	899	1351	1348	1082
ENSG00000136002	986	1096	991	1106	1178	965
ENSG00000136531	28	29	19	12	23	11
ENSG00000136535	0	0	0	2	0	0
ENSG00000136536	3528	3661	3466	3413	3668	3023
ENSG00000136541	0	1	2	0	1	0
ENSG00000136542	2	12	7	6	9	11
ENSG00000136546	3	5	0	1	4	0
ENSG00000136560	929	949	913	999	1090	904
ENSG00000136682	767	767	806	960	984	883
ENSG00000136688	1	4	1	0	0	0
ENSG00000136689	11	22	20	0	0	0
ENSG00000136694	0	0	0	0	0	0
ENSG00000136695	0	0	0	0	0	0
ENSG00000136696	0	0	0	0	0	0
ENSG00000136697	0	0	0	0	0	0
ENSG00000136698	0	0	0	0	0	0
ENSG00000136699	6565	6870	6283	7558	7965	7080
ENSG00000136709	4970	5096	4822	5678	6027	5004
ENSG00000136710	414	450	440	529	511	450
ENSG00000136715	2333	2656	2548	3104	3006	2876
ENSG00000136717	4321	4427	3982	4252	4411	4012
ENSG00000136718	3200	3250	2719	3634	3657	3183
ENSG00000136720	1325	1407	1277	1278	1310	1217
ENSG00000136731	5943	6409	6239	7810	8765	7708
ENSG00000136732	0	0	0	0	1	0
ENSG00000138002	611	638	555	569	652	562
ENSG00000138018	4337	4557	4449	5389	5954	4950
ENSG00000138028	2	3	4	2	1	2
ENSG00000138029	3435	3402	3488	3121	3283	3096
ENSG00000138030	134	145	149	194	183	172
ENSG00000138031	2122	2366	2118	2468	2664	2185
ENSG00000138032	2332	2273	2371	2225	2466	2157
ENSG00000138035	7882	7765	7391	8108	9355	7264
ENSG00000138036	544	566	589	468	544	544
ENSG00000138039	0	0	0	0	0	0
ENSG00000138050	685	655	638	835	904	706
ENSG00000138061	3630	3666	2852	3739	4247	3537
ENSG00000138068	0	0	0	0	0	0
ENSG00000138069	8783	8597	8425	8533	8960	8409
ENSG00000138071	24900	24546	24175	24302	26225	22026
ENSG00000138073	1904	2001	1909	1757	1853	1759
ENSG00000138074	2306	2293	2275	2491	2471	2187
ENSG00000138075	0	0	0	0	0	0
ENSG00000138078	3614	3685	3877	3489	3911	3679
ENSG00000138079	5	6	5	4	5	3
ENSG00000138080	50	24	40	31	39	22
ENSG00000138081	3184	3359	3261	3944	4246	3708
ENSG00000138083	0	0	0	0	0	0
ENSG00000138085	2547	2431	2340	2835	2774	2460
ENSG00000138092	2022	1959	1785	2213	2250	2105
ENSG00000138095	31340	29878	30725	35304	37182	31631
ENSG00000138100	11	8	14	14	13	12
ENSG00000138101	453	467	432	450	410	414
ENSG00000138356	300	272	263	240	274	228
ENSG00000138363	5350	5388	4871	6275	6400	5727
ENSG00000138375	720	789	751	887	956	852
ENSG00000138376	918	857	907	1066	1060	922
ENSG00000138378	28	19	10	10	20	15
ENSG00000138379	2	0	2	0	2	0
ENSG00000138380	79	72	82	68	71	70
ENSG00000138381	2444	2415	2569	2746	2791	2793
ENSG00000138382	1096	1129	1066	1206	1312	1064
ENSG00000138385	7110	6958	6665	8342	8516	7082
ENSG00000138386	2147	2045	2412	2101	2276	2020
ENSG00000138395	0	1	0	0	0	0
ENSG00000138398	3881	3776	3684	4371	4249	3693
ENSG00000138399	1039	1032	1046	1264	1220	1101
ENSG00000138400	8	4	1	5	4	5
ENSG00000138411	364	423	407	449	507	476
ENSG00000138413	7980	7563	9221	8174	7963	8157
ENSG00000138430	5170	5320	4960	5655	5624	5052
ENSG00000138433	859	886	893	1097	1001	974
ENSG00000138434	4494	4804	4940	5464	6456	5525
ENSG00000138435	0	0	0	0	0	0
ENSG00000138439	1108	1076	1131	1590	1551	1501
ENSG00000138442	3061	3121	2874	3755	3895	3194
ENSG00000138443	1851	1979	2149	2051	2459	2233
ENSG00000138448	7781	8388	8168	5991	7659	5858
ENSG00000138449	0	1	0	0	0	0
ENSG00000142327	1502	1736	1581	1605	1597	1569
ENSG00000142330	450	520	500	564	641	560
ENSG00000143429	65	62	74	50	51	51
ENSG00000143727	4691	4718	4655	5641	5997	5286
ENSG00000143797	412	472	458	321	321	324
ENSG00000143867	0	0	1	0	0	0
ENSG00000143869	0	1	0	0	0	0
ENSG00000143870	11409	11621	11269	13213	13424	11937
ENSG00000143878	8917	8490	7715	8417	8742	7745
ENSG00000143882	9	13	12	25	9	22
ENSG00000143889	2372	2737	2541	2344	2985	2604
ENSG00000143891	329	392	410	384	413	372
ENSG00000143919	365	380	364	361	404	357
ENSG00000143921	0	2	2	3	3	5
ENSG00000143924	9442	9478	9302	10719	11505	9823
ENSG00000143933	32668	33896	31151	34029	34474	29839
ENSG00000143942	748	711	823	1182	1339	1119
ENSG00000143947	31036	30836	29315	35234	36351	30729
ENSG00000143951	259	309	272	280	337	273
ENSG00000143952	1606	1646	1669	1766	2062	1702
ENSG00000143954	0	0	0	0	0	0
ENSG00000143970	3012	3084	3111	3387	3657	3197
ENSG00000143971	1379	1354	1523	1918	1947	1773
ENSG00000143977	4848	4852	4398	5692	5353	4771
ENSG00000143994	4	3	5	2	4	1
ENSG00000143995	348	337	364	450	424	391
ENSG00000144010	0	0	0	0	0	0
ENSG00000144015	0	0	0	0	0	0
ENSG00000144021	4325	4520	4316	5018	5472	4495
ENSG00000144026	60	75	72	57	77	50
ENSG00000144028	27501	27767	27271	30154	32843	28214
ENSG00000144029	4461	4521	4326	5059	4737	4645
ENSG00000144031	3	2	1	1	0	1
ENSG00000144034	1150	1210	1165	1349	1547	1242
ENSG00000144035	0	1	1	0	0	0
ENSG00000144036	1078	1265	1107	1138	1316	1065
ENSG00000144040	446	452	443	489	531	444
ENSG00000144043	4841	5078	4638	5202	5209	4854
ENSG00000144045	4	9	12	7	7	7
ENSG00000144048	988	973	1002	1165	1200	1077
ENSG00000144057	4	3	4	3	4	3
ENSG00000144061	85	89	108	30	39	31
ENSG00000144063	2	2	1	3	5	2
ENSG00000144115	0	0	0	0	0	0
ENSG00000144118	2024	2370	2400	2294	2359	2409
ENSG00000144119	0	0	0	0	0	0
ENSG00000144120	670	735	654	761	849	743
ENSG00000144130	1	1	1	0	0	0
ENSG00000144134	292	332	291	307	368	276
ENSG00000144136	6982	7456	6738	6896	8120	6202
ENSG00000144152	3	3	2	4	2	3
ENSG00000144158	40	32	111	25	36	72
ENSG00000144161	964	991	846	1171	1328	1056
ENSG00000144182	174	178	171	193	194	173
ENSG00000144188	0	0	0	0	0	0
ENSG00000144191	0	0	0	0	0	0
ENSG00000144199	932	971	927	954	942	959
ENSG00000144214	19	35	23	29	32	22
ENSG00000144218	17	13	14	17	16	18
ENSG00000144224	5066	5066	5173	5419	5988	5022
ENSG00000144227	0	0	0	0	0	0
ENSG00000144228	921	915	1056	993	1155	972
ENSG00000144229	0	0	0	0	0	0
ENSG00000144230	2	3	7	2	1	2
ENSG00000144231	4260	4337	4078	4747	4765	4271
ENSG00000144233	2595	2483	2492	2799	2862	2598
ENSG00000144278	0	0	1	0	1	0
ENSG00000144283	3454	3646	3109	3150	3551	3208
ENSG00000144285	73	55	66	46	51	52
ENSG00000144290	0	1	0	0	0	0
ENSG00000144306	551	551	640	480	608	533
ENSG00000144320	1323	1302	1503	1346	1599	1295
ENSG00000144331	0	1	1	0	0	0
ENSG00000144339	0	0	0	0	0	0
ENSG00000144354	2282	2417	2628	2794	3394	2777
ENSG00000144355	618	575	610	953	918	914
ENSG00000144357	3414	3349	3219	3294	3462	2873
ENSG00000144362	126	139	158	126	172	125
ENSG00000144366	4	2	5	2	6	5
ENSG00000144369	1	2	0	0	0	0
ENSG00000144381	57781	56323	50095	74544	73624	61330
ENSG00000144395	194	218	185	208	258	224
ENSG00000144401	858	856	877	1063	1109	975
ENSG00000144406	15	14	16	15	18	13
ENSG00000144407	0	3	0	1	0	2
ENSG00000144410	0	0	0	0	1	0
ENSG00000144426	839	958	1086	935	1279	956
ENSG00000144445	122	122	157	107	122	124
ENSG00000144451	71	73	85	88	121	110
ENSG00000144452	0	3	2	1	0	0
ENSG00000144460	483	555	563	722	1005	899
ENSG00000144468	589	626	594	691	787	709
ENSG00000144476	0	0	0	0	0	0
ENSG00000144481	0	2	0	0	1	3
ENSG00000144485	204	176	183	115	104	86
ENSG00000144488	22	17	26	17	20	17
ENSG00000144504	316	274	278	368	389	298
ENSG00000144524	1287	1379	1399	1909	1936	1767
ENSG00000144535	1074	1078	1036	1021	1110	935
ENSG00000144567	2625	2835	2484	2605	2633	2513
ENSG00000144579	2109	2171	2113	2966	2908	2630
ENSG00000144580	3426	3735	3402	4486	4576	3927
ENSG00000144583	0	0	0	0	1	0
ENSG00000144589	623	639	637	746	743	731
ENSG00000144591	879	929	860	803	797	729
ENSG00000145835	0	0	0	0	0	0
ENSG00000146205	48	49	59	108	94	120
ENSG00000146556	198	232	193	222	261	200
ENSG00000150540	5	3	6	6	6	3
ENSG00000150551	0	0	0	0	0	0
ENSG00000150556	2	3	2	0	0	1
ENSG00000150722	1	0	0	0	0	0
ENSG00000150873	16	7	12	8	15	20
ENSG00000150938	14191	14848	13731	7772	9343	7683
ENSG00000151353	853	770	693	1241	1180	967
ENSG00000151360	0	0	0	0	0	0
ENSG00000151379	0	0	0	0	0	0
ENSG00000151665	656	648	619	682	750	669
ENSG00000151687	11	18	8	17	23	9
ENSG00000151689	208	219	186	153	149	133
ENSG00000151690	269	259	302	255	259	274
ENSG00000151692	1	2	5	4	3	1
ENSG00000151693	1805	2012	1896	1887	2079	1727
ENSG00000151694	1718	1818	1918	1818	2015	1844
ENSG00000151779	1381	1507	1375	1299	1456	1254
ENSG00000152049	12	20	14	17	21	10
ENSG00000152056	3252	3298	3357	3510	3510	2906
ENSG00000152076	6	12	7	7	8	6
ENSG00000152082	2600	2620	2496	2695	2559	2333
ENSG00000152086	0	0	0	0	0	0
ENSG00000152093	0	0	0	0	0	0
ENSG00000152102	8654	8493	7896	8518	8719	7486
ENSG00000152117	444	469	440	560	642	471
ENSG00000152127	1957	2014	2035	2110	2320	2003
ENSG00000152128	0	0	0	0	2	0
ENSG00000152133	1246	1301	1362	1359	1469	1341
ENSG00000152147	808	917	874	1021	1150	884
ENSG00000152154	0	2	2	2	2	0
ENSG00000152253	862	835	756	889	969	769
ENSG00000152254	0	0	0	0	0	0
ENSG00000152256	924	920	954	1263	1412	1208
ENSG00000152284	228	189	174	200	216	241
ENSG00000152291	7179	7785	7536	7925	8619	7991
ENSG00000152292	25	33	43	14	20	12
ENSG00000152430	1	0	2	2	0	2
ENSG00000152518	3363	3250	2930	3540	3360	3130
ENSG00000152527	26	39	33	11	27	20
ENSG00000152672	0	0	0	0	0	0
ENSG00000152683	2959	2858	2902	3334	3643	2975
ENSG00000152689	46	29	37	42	35	31
ENSG00000153086	0	0	0	0	0	0
ENSG00000153093	4	5	5	0	4	1
ENSG00000153094	1501	1493	1505	1726	1789	1547
ENSG00000153107	10404	10655	9789	11758	12782	10753
ENSG00000153165	50	47	45	78	58	60
ENSG00000153201	15107	16940	15128	17241	19393	15767
ENSG00000153208	1	0	0	0	2	0
ENSG00000153214	933	941	1019	1023	1006	936
ENSG00000153234	792	635	627	1139	959	839
ENSG00000153237	3	4	2	0	5	1
ENSG00000153246	3	5	4	0	2	2
ENSG00000153250	5231	5128	4916	4676	5372	4346
ENSG00000153253	4	9	0	0	0	1
ENSG00000153561	6452	6553	6536	7668	8104	7220
ENSG00000153563	0	0	0	0	1	0
ENSG00000153574	780	823	696	1169	1126	939
ENSG00000153820	0	0	0	0	0	0
ENSG00000153823	0	0	0	0	0	0
ENSG00000153827	3449	3736	3467	3743	4242	3537
ENSG00000153832	202	183	161	216	243	181
ENSG00000154252	42	47	36	27	53	34
ENSG00000154479	26	31	30	21	16	10
ENSG00000154518	7049	6987	6925	7307	7263	6683
ENSG00000155052	0	0	0	0	0	0
ENSG00000155066	81	67	103	20	18	22
ENSG00000155368	5910	5560	5558	5742	5266	4889
ENSG00000155438	4094	4253	3516	5229	5427	4628
ENSG00000155636	537	585	573	565	651	580
ENSG00000155657	1	0	2	0	0	1
ENSG00000155729	269	306	272	224	266	230
ENSG00000155744	585	606	710	751	806	690
ENSG00000155749	4	5	7	3	4	3
ENSG00000155754	0	0	0	0	0	0
ENSG00000155755	1370	1364	1297	1323	1429	1291
ENSG00000155760	434	444	383	416	438	342
ENSG00000156966	0	1	2	2	0	1
ENSG00000156973	614	698	639	593	681	574
ENSG00000157827	3567	3861	3598	2748	3593	2766
ENSG00000157833	7	5	2	8	2	1
ENSG00000157851	2	1	2	5	1	0
ENSG00000157856	2	3	3	0	1	0
ENSG00000157884	0	0	0	0	0	0
ENSG00000157985	3143	3243	2780	3252	3315	2612
ENSG00000157992	10	3	5	4	8	3
ENSG00000158019	1366	1296	1368	1420	1340	1401
ENSG00000158050	1246	1189	1222	986	973	922
ENSG00000158089	0	0	0	0	0	0
ENSG00000158125	0	0	1	0	0	1
ENSG00000158158	1139	1085	1075	1315	1200	1186
ENSG00000158411	665	666	743	774	785	723
ENSG00000158417	18938	19139	16838	20658	20030	17234
ENSG00000158428	13	16	15	7	16	15
ENSG00000158435	3579	3746	3729	3973	4229	3819
ENSG00000158552	238	265	273	258	264	267
ENSG00000159186	0	0	0	0	0	0
ENSG00000159239	11	7	10	14	16	19
ENSG00000159374	0	1	0	0	0	0
ENSG00000159399	3881	4192	3573	4294	4759	3934
ENSG00000162804	235	291	264	267	271	220
ENSG00000162869	358	369	365	344	426	344
ENSG00000162878	6007	6701	6293	4738	6084	4840
ENSG00000162881	0	0	0	0	0	0
ENSG00000162882	0	0	0	0	0	0
ENSG00000162924	2365	2336	2218	2934	3174	2507
ENSG00000162927	238	244	260	269	400	313
ENSG00000162928	1407	1491	1628	1485	1743	1415
ENSG00000162929	678	707	731	942	1080	871
ENSG00000162944	0	0	3	3	5	5
ENSG00000162949	0	0	0	0	0	0
ENSG00000162951	0	0	0	0	0	0
ENSG00000162959	1686	1680	1686	1983	2091	1928
ENSG00000162961	2998	3005	2929	2898	2938	2643
ENSG00000162971	409	439	436	527	599	494
ENSG00000162972	887	899	873	1140	1173	1049
ENSG00000162975	0	0	0	0	0	0
ENSG00000162976	155	179	155	133	149	132
ENSG00000162980	3106	3280	3093	3336	3668	3275
ENSG00000162981	0	0	8	0	0	2
ENSG00000162989	1	2	0	1	1	4
ENSG00000162992	0	0	0	0	0	0
ENSG00000162994	291	283	298	281	364	265
ENSG00000162997	0	2	3	0	3	0
ENSG00000162998	1	1	1	2	1	1
ENSG00000162999	127	157	152	110	118	89
ENSG00000163001	1141	1194	1137	1280	1410	1102
ENSG00000163002	774	760	724	853	903	771
ENSG00000163006	1446	1387	1330	1787	1963	1569
ENSG00000163012	0	0	0	0	0	0
ENSG00000163013	2718	3082	2778	2940	3363	2750
ENSG00000163016	0	5	1	1	3	0
ENSG00000163017	31	14	15	13	11	7
ENSG00000163026	661	612	642	795	820	692
ENSG00000163029	2360	2486	2351	2655	2932	2461
ENSG00000163032	0	2	2	1	1	0
ENSG00000163040	13	8	19	21	17	10
ENSG00000163046	1	1	1	0	3	0
ENSG00000163053	0	0	0	0	0	1
ENSG00000163060	3	1	1	2	0	0
ENSG00000163064	0	0	0	0	0	0
ENSG00000163072	56	71	57	68	95	52
ENSG00000163075	5	7	2	3	2	3
ENSG00000163082	2	1	6	4	5	3
ENSG00000163083	37	28	30	4	6	8
ENSG00000163092	0	0	0	0	0	0
ENSG00000163093	223	206	189	218	219	180
ENSG00000163121	0	5	2	1	7	2
ENSG00000163126	83	52	119	93	101	87
ENSG00000163161	4597	4788	4565	4887	5528	4621
ENSG00000163162	1918	2016	1766	2584	2856	2411
ENSG00000163166	5012	5084	4835	5212	5104	4543
ENSG00000163170	1805	1903	1757	2372	2226	2003
ENSG00000163171	477	536	455	532	636	563
ENSG00000163214	2220	2301	2173	2548	2744	2365
ENSG00000163217	1	0	0	0	0	0
ENSG00000163219	3	3	4	2	7	5
ENSG00000163235	299	345	341	89	117	109
ENSG00000163249	1990	2136	2192	2456	2431	2346
ENSG00000163251	640	731	740	961	971	887
ENSG00000163254	0	2	0	2	0	0
ENSG00000163273	0	0	0	0	0	0
ENSG00000163283	3489	2955	2515	4917	7302	7137
ENSG00000163286	91	92	95	151	276	310
ENSG00000163295	234	162	206	114	112	109
ENSG00000163328	335	300	280	429	576	460
ENSG00000163331	0	2	0	0	1	2
ENSG00000163359	17	26	13	12	13	8
ENSG00000163449	6	11	2	1	1	1
ENSG00000163464	0	0	0	0	0	0
ENSG00000163466	5775	5779	5425	6021	6201	5568
ENSG00000163481	609	633	575	604	660	680
ENSG00000163482	756	842	910	897	1048	878
ENSG00000163492	4	6	2	8	1	7
ENSG00000163497	0	0	0	0	0	0
ENSG00000163499	0	0	1	0	0	0
ENSG00000163501	1	2	1	1	5	0
ENSG00000163510	1346	1286	1235	1634	1671	1487
ENSG00000163516	819	818	791	849	999	806
ENSG00000163521	193	217	193	202	209	210
ENSG00000163535	1793	1958	1643	1838	2064	1779
ENSG00000163541	3750	3716	3897	3769	3837	3704
ENSG00000163586	0	0	0	0	0	0
ENSG00000163596	25	33	25	31	28	18
ENSG00000163599	0	0	0	0	0	0
ENSG00000163600	0	0	0	0	0	0
ENSG00000163792	9	2	10	7	10	8
ENSG00000163793	0	0	0	0	0	1
ENSG00000163794	16	27	22	10	18	10
ENSG00000163795	176	207	168	162	171	162
ENSG00000163798	1861	1973	1800	1801	1955	1712
ENSG00000163803	6	10	10	5	3	0
ENSG00000163806	13	11	9	4	9	2
ENSG00000163811	10745	10492	8902	13583	13541	11101
ENSG00000167165	23	15	16	26	39	48
ENSG00000168129	0	0	0	0	0	0
ENSG00000168280	6	9	11	1	5	7
ENSG00000168288	3359	3542	3478	3429	3880	3278
ENSG00000168385	17141	16977	16349	17393	18846	16228
ENSG00000168393	1881	1943	1733	2363	2493	2008
ENSG00000168395	1429	1336	1219	1691	1776	1406
ENSG00000168397	496	543	576	1591	1680	1394
ENSG00000168427	27	23	37	27	18	19
ENSG00000168497	39	31	54	18	15	13
ENSG00000168505	68	69	56	88	83	83
ENSG00000168530	0	0	0	0	0	0
ENSG00000168542	465	466	546	330	344	376
ENSG00000168582	0	0	0	0	0	0
ENSG00000168658	0	0	0	0	0	0
ENSG00000168702	0	0	0	7	5	6
ENSG00000168754	23	9	22	3	6	2
ENSG00000168758	861	991	1009	1053	1126	978
ENSG00000168763	2517	2729	2375	2762	2927	2582
ENSG00000168874	571	591	675	625	685	696
ENSG00000168878	6	5	8	8	2	3
ENSG00000168883	4515	4436	4231	4685	4905	4434
ENSG00000168887	1309	1367	1430	1602	1744	1430
ENSG00000168890	294	325	304	306	347	290
ENSG00000168894	1250	1421	1260	1446	1395	1353
ENSG00000168899	38	36	35	39	33	30
ENSG00000168906	18535	18826	17461	20378	23375	17553
ENSG00000168918	47	65	70	35	49	50
ENSG00000168955	0	0	0	0	1	0
ENSG00000168958	2689	2521	2532	2491	2778	2477
ENSG00000168992	0	0	0	0	0	0
ENSG00000169006	1	0	1	0	0	0
ENSG00000169016	950	940	849	1041	1080	865
ENSG00000169031	534	562	580	219	312	215
ENSG00000169047	341	341	241	476	480	380
ENSG00000169432	14	14	15	154	190	139
ENSG00000169507	10	8	5	2	2	1
ENSG00000169554	518	473	464	452	457	432
ENSG00000169564	19909	19980	18567	22386	22500	20558
ENSG00000169599	374	387	391	374	422	383
ENSG00000169604	25298	28289	22483	21501	26520	20845
ENSG00000169605	39	50	52	24	24	26
ENSG00000169607	3255	3349	2773	2855	2835	2431
ENSG00000169618	0	0	0	0	0	0
ENSG00000169621	75	77	87	23	30	23
ENSG00000169629	1708	1620	1689	2221	2451	2081
ENSG00000169679	8506	9316	7901	8341	8896	7692
ENSG00000169756	4191	4292	4149	4552	5440	4447
ENSG00000169764	7905	7808	7809	5923	6821	5796
ENSG00000169967	5244	5232	5366	5565	5907	4929
ENSG00000169994	83	100	83	22	40	22
ENSG00000170035	1313	1480	1348	1440	1474	1387
ENSG00000170144	25534	24592	23578	32544	33260	27898
ENSG00000170166	8	16	12	16	19	22
ENSG00000170178	0	0	0	0	0	1
ENSG00000170264	260	310	356	327	359	337
ENSG00000170340	944	944	1060	1097	1152	1072
ENSG00000170396	0	0	0	0	0	0
ENSG00000170417	65	77	64	56	84	55
ENSG00000170485	328	400	243	471	578	425
ENSG00000170500	16	13	10	2	5	2
ENSG00000170577	1559	1554	1320	1789	1658	1527
ENSG00000170634	247	235	229	228	210	176
ENSG00000170745	0	0	1	1	2	1
ENSG00000170802	872	938	1010	1217	1325	1169
ENSG00000170820	0	0	0	0	0	0
ENSG00000171055	1993	2084	2017	2293	2401	2212
ENSG00000171094	1	0	2	0	0	1
ENSG00000171103	715	667	670	803	824	775
ENSG00000171126	49	45	34	51	56	48
ENSG00000171132	357	358	387	322	348	303
ENSG00000171150	1790	1721	1842	1752	2121	1631
ENSG00000171174	214	210	247	112	102	105
ENSG00000171227	603	529	686	743	687	678
ENSG00000171303	64	98	62	100	92	82
ENSG00000171450	1	5	5	0	2	0
ENSG00000171551	14962	13746	13250	18788	19666	17280
ENSG00000171596	0	0	0	2	1	1
ENSG00000171848	11217	11021	9956	11570	11970	9878
ENSG00000171853	264	318	294	904	1022	872
ENSG00000171863	25114	24528	22588	26343	27067	23680
ENSG00000171865	3467	3330	3160	3648	3810	3079
ENSG00000171951	165	220	166	148	196	97
ENSG00000172005	1	0	1	0	0	2
ENSG00000172016	0	0	0	0	0	0
ENSG00000172023	0	0	0	0	0	0
ENSG00000172059	1453	1471	1304	1493	1532	1231
ENSG00000172071	1034	1075	1133	996	999	903
ENSG00000172073	0	1	1	0	0	0
ENSG00000172086	255	309	249	55	79	61
ENSG00000172116	0	0	0	0	0	0
ENSG00000172292	0	0	0	0	0	0
ENSG00000172318	22	21	13	17	27	21
ENSG00000172428	865	801	849	982	1048	915
ENSG00000172478	15	17	26	13	16	13
ENSG00000172482	16	12	22	6	20	10
ENSG00000172554	0	0	0	0	0	0
ENSG00000172799	3	3	3	1	2	0
ENSG00000172845	5096	4963	5213	5272	5815	4888
ENSG00000172878	373	419	436	413	462	419
ENSG00000172954	3162	3271	3114	3871	4346	3661
ENSG00000172974	872	843	953	837	914	801
ENSG00000172985	524	472	480	510	549	458
ENSG00000173163	567	520	627	568	537	531
ENSG00000173166	4443	4673	4650	3599	3779	3266
ENSG00000173209	260	264	304	285	419	302
ENSG00000173272	1504	1531	1385	1594	1656	1391
ENSG00000173302	0	0	0	0	0	0
ENSG00000173349	389	348	386	428	552	408
ENSG00000173557	0	0	1	0	0	0
ENSG00000173559	1104	1001	1011	825	901	728
ENSG00000173567	2	6	4	3	4	1
ENSG00000173692	9715	9124	8874	10846	10662	9240
ENSG00000173699	0	0	0	0	0	0
ENSG00000173744	3389	3404	3279	3310	3655	3240
ENSG00000173960	1174	1164	1251	1329	1559	1313
ENSG00000174279	0	0	0	0	0	0
ENSG00000174453	0	0	0	0	0	0
ENSG00000174501	181	194	203	137	211	158
ENSG00000175084	112	138	177	76	107	108
ENSG00000175497	1	1	0	0	1	0
ENSG00000175509	0	0	0	0	0	0
ENSG00000175701	111	142	104	102	85	83
ENSG00000175874	516	583	610	515	526	484
ENSG00000175879	54	50	40	83	87	77
ENSG00000176204	2	2	1	2	1	2
ENSG00000176407	4338	4461	3981	4619	4768	4176
ENSG00000176601	0	0	0	0	0	0
ENSG00000176714	75	88	86	88	99	78
ENSG00000176720	636	669	659	619	561	553
ENSG00000176732	10	4	7	7	9	4
ENSG00000176771	3	0	2	1	2	1
ENSG00000176887	0	0	0	0	0	0
ENSG00000176946	2470	2579	2258	2762	2786	2596
ENSG00000177261	0	0	0	0	0	0
ENSG00000177483	38	45	36	27	58	23
ENSG00000177519	12	5	9	53	48	33
ENSG00000177673	0	0	0	0	0	0
ENSG00000177855	137	118	181	186	219	214
ENSG00000177917	679	688	742	716	822	739
ENSG00000177994	1	2	1	1	0	1
ENSG00000178021	0	0	0	0	0	0
ENSG00000178074	785	773	749	893	1051	742
ENSG00000178162	0	0	0	1	1	0
ENSG00000178171	2	1	1	2	0	1
ENSG00000178295	1340	1379	1334	1688	1879	1445
ENSG00000178385	307	337	350	318	328	308
ENSG00000178562	0	0	0	0	0	0
ENSG00000178568	0	0	1	1	0	0
ENSG00000178586	0	0	0	2	1	2
ENSG00000178602	0	0	0	0	0	0
ENSG00000178623	18	31	15	4	7	7
ENSG00000178662	0	0	1	0	0	0
ENSG00000178752	86	75	83	90	98	111
ENSG00000178836	0	0	0	0	0	0
ENSG00000179270	0	0	0	0	1	0
ENSG00000179528	0	0	0	0	1	0
ENSG00000179833	2207	2459	2261	2061	2156	1887
ENSG00000179915	0	0	0	0	0	1
ENSG00000179921	1	1	3	0	2	4
ENSG00000179997	0	0	0	0	0	0
ENSG00000180105	3	1	2	2	2	1
ENSG00000180152	1	1	1	0	0	0
ENSG00000180178	13	14	16	36	77	43
ENSG00000180228	1294	1328	1303	1505	1531	1299
ENSG00000180251	10	12	12	9	23	12
ENSG00000180398	7542	7786	7543	8781	9268	8225
ENSG00000180871	0	0	0	0	0	0
ENSG00000180902	570	558	627	616	643	555
ENSG00000181378	0	0	0	0	0	0
ENSG00000182083	0	0	0	0	0	0
ENSG00000182177	2	3	4	3	7	3
ENSG00000182187	0	0	0	0	0	0
ENSG00000182263	366	402	387	526	531	477
ENSG00000182329	11	14	15	10	14	14
ENSG00000182389	15	17	16	12	11	8
ENSG00000182551	4837	4761	4489	5149	5393	4685
ENSG00000182600	35	42	29	26	43	24
ENSG00000182698	0	0	0	0	0	0
ENSG00000182814	0	0	1	0	0	0
ENSG00000183022	6	2	9	4	6	15
ENSG00000183023	7	5	14	13	12	4
ENSG00000183054	293	276	284	340	256	372
ENSG00000183091	12	6	8	0	1	1
ENSG00000183281	62	50	47	45	60	54
ENSG00000183292	0	0	0	0	0	0
ENSG00000183513	779	750	748	706	759	599
ENSG00000183514	0	0	1	0	0	1
ENSG00000183607	6	11	0	10	4	6
ENSG00000183671	73	58	75	33	39	35
ENSG00000183733	0	0	0	0	0	0
ENSG00000183840	35	50	37	38	40	31
ENSG00000183891	308	276	288	281	305	240
ENSG00000184115	0	0	0	0	0	0
ENSG00000184182	887	939	888	995	1025	953
ENSG00000184261	0	0	0	1	0	0
ENSG00000184303	0	0	0	0	0	0
ENSG00000184492	5	11	6	5	13	3
ENSG00000184611	0	0	0	0	0	0
ENSG00000184731	183	208	252	294	286	269
ENSG00000184761	0	0	0	0	0	0
ENSG00000184898	104	102	97	105	114	80
ENSG00000184924	930	931	811	1040	974	872
ENSG00000184945	0	0	0	0	0	0
ENSG00000185013	0	0	0	0	0	0
ENSG00000185038	11	13	5	14	9	7
ENSG00000185078	1	0	0	0	0	0
ENSG00000185176	0	0	0	0	0	0
ENSG00000185304	0	2	0	9	0	0
ENSG00000185404	30	34	38	36	33	29
ENSG00000185414	5710	5651	5778	7321	7054	6567
ENSG00000185631	1	1	0	1	1	0
ENSG00000185674	6	2	1	0	0	0
ENSG00000186132	250	252	281	270	263	262
ENSG00000186143	1	0	0	0	0	0
ENSG00000186148	0	0	0	0	0	0
ENSG00000186281	0	0	0	0	0	0
ENSG00000186453	0	0	0	0	0	0
ENSG00000186487	133	90	94	109	148	111
ENSG00000186522	3960	3997	3805	3927	4489	3779
ENSG00000186684	93	72	92	58	74	67
ENSG00000186825	22	33	18	14	31	16
ENSG00000186854	4742	5076	4932	6669	7357	6819
ENSG00000186889	0	1	2	1	1	0
ENSG00000187123	268	274	286	238	280	226
ENSG00000187231	1436	1548	1608	1187	1367	1256
ENSG00000187514	87229	84191	71489	106129	100028	85019
ENSG00000187536	0	2	0	0	0	1
ENSG00000187605	3386	3533	3077	4319	4647	3991
ENSG00000187627	11	12	30	0	12	16
ENSG00000187699	0	0	2	0	0	0
ENSG00000187736	1376	1307	1242	1544	1481	1341
ENSG00000187833	0	1	1	0	1	2
ENSG00000187944	2	2	3	0	1	1
ENSG00000187957	527	522	453	583	683	497
ENSG00000187999	0	0	0	0	0	0
ENSG00000188010	451	449	425	450	452	334
ENSG00000188011	0	0	0	0	0	0
ENSG00000188042	45	35	50	5	13	8
ENSG00000188177	58	74	71	54	77	57
ENSG00000188219	17	17	21	29	28	27
ENSG00000188282	0	0	0	0	0	0
ENSG00000188383	0	0	0	0	0	0
ENSG00000188389	7	6	5	1	8	4
ENSG00000188452	0	0	0	0	0	0
ENSG00000188542	126	118	123	151	165	102
ENSG00000188668	0	0	0	0	0	0
ENSG00000188674	0	0	0	0	0	0
ENSG00000188687	12	15	8	2	8	1
ENSG00000188738	76	81	91	80	148	83
ENSG00000188760	160	151	140	240	239	176
ENSG00000188765	3	4	3	6	3	2
ENSG00000188886	32	40	33	3	7	2
ENSG00000189292	0	0	1	0	0	0
ENSG00000189350	726	613	573	542	737	658
ENSG00000189362	240	262	250	266	291	241
ENSG00000196085	0	0	0	0	0	0
ENSG00000196141	3592	3507	3537	3645	3835	3574
ENSG00000196151	242	231	220	299	305	285
ENSG00000196208	221	274	210	148	237	127
ENSG00000196228	0	0	0	0	0	0
ENSG00000196290	1429	1497	1356	1695	1702	1513
ENSG00000196460	0	0	0	0	0	0
ENSG00000196504	9012	8824	8356	11112	11760	9859
ENSG00000196604	43	53	54	101	125	101
ENSG00000196659	107	113	143	125	142	132
ENSG00000196811	0	1	0	0	0	0
ENSG00000196834	139	152	134	173	283	188
ENSG00000196843	222	255	220	295	264	222
ENSG00000196862	0	4	7	1	0	0
ENSG00000196872	133	166	146	82	78	75
ENSG00000196912	186	226	224	161	261	168
ENSG00000196950	8615	9728	9105	8026	9980	8401
ENSG00000196975	3448	3405	3921	2973	2986	2866
ENSG00000197121	470	535	610	642	673	667
ENSG00000197223	1264	1355	1236	1445	1556	1269
ENSG00000197329	478	457	510	465	528	482
ENSG00000197557	87	127	115	134	165	127
ENSG00000197635	0	9	3	2	3	3
ENSG00000197713	2049	2001	2078	2561	2841	2529
ENSG00000197756	18940	19411	18820	20598	20059	19155
ENSG00000197794	0	0	0	0	0	0
ENSG00000197872	0	0	0	0	1	0
ENSG00000197927	37	29	24	24	46	25
ENSG00000198075	0	1	2	4	3	2
ENSG00000198130	674	673	691	674	762	635
ENSG00000198142	2380	2544	2346	3645	4014	3372
ENSG00000198203	3	2	6	3	5	4
ENSG00000198369	2123	2195	2034	2563	2472	2319
ENSG00000198380	5452	6274	5656	5871	7121	5834
ENSG00000198399	1167	1277	1185	1247	1397	1215
ENSG00000198522	2027	2125	1859	2260	2394	2083
ENSG00000198526	0	0	0	0	1	0
ENSG00000198586	3250	3196	3242	3707	3898	3456
ENSG00000198612	2848	2843	2815	2486	2719	2397
ENSG00000198648	3	6	5	7	13	11
ENSG00000198885	0	0	1	0	1	1
ENSG00000198914	0	0	0	0	0	0
ENSG00000198925	3530	3944	3565	3676	3841	3413
ENSG00000199395	0	0	0	0	0	0
ENSG00000199508	0	0	0	0	0	0
ENSG00000199585	0	0	0	0	0	0
ENSG00000200028	0	0	0	0	0	0
ENSG00000200650	0	0	0	0	0	0
ENSG00000200890	1	0	0	0	0	0
ENSG00000201610	0	0	0	0	0	0
ENSG00000201671	0	0	0	0	0	0
ENSG00000201876	0	0	1	0	0	0
ENSG00000202164	0	0	0	0	0	0
ENSG00000202174	0	0	0	0	0	0
ENSG00000202430	0	0	0	0	0	0
ENSG00000203363	2	3	3	0	2	0
ENSG00000203387	0	0	2	4	3	5
ENSG00000203435	7	9	8	9	13	8
ENSG00000203531	1	0	2	1	1	2
ENSG00000204099	10	11	8	10	15	2
ENSG00000204104	1392	1289	1260	1598	1692	1472
ENSG00000204120	3420	3578	3295	3821	3896	3399
ENSG00000204121	0	0	0	0	0	0
ENSG00000204128	0	0	0	0	0	0
ENSG00000204186	380	378	440	440	492	447
ENSG00000204196	430	396	716	345	296	481
ENSG00000204217	1337	1435	1407	1403	1574	1511
ENSG00000204253	1554	1485	1524	1729	1693	1649
ENSG00000204262	12	31	27	15	20	22
ENSG00000204311	40	45	50	39	46	42
ENSG00000204334	2	6	4	9	3	6
ENSG00000204335	0	0	0	0	0	0
ENSG00000204399	0	0	0	0	0	0
ENSG00000204406	366	398	406	358	409	340
ENSG00000204434	141	148	164	119	184	107
ENSG00000204634	1181	1130	1195	1490	1507	1310
ENSG00000204637	0	0	1	1	0	0
ENSG00000204640	0	0	0	0	0	0
ENSG00000204670	0	0	0	0	0	0
ENSG00000204699	0	0	0	0	0	0
ENSG00000204705	0	0	0	0	0	0
ENSG00000204745	160	168	164	136	186	156
ENSG00000204787	0	0	0	0	0	0
ENSG00000204822	679	702	581	748	783	660
ENSG00000204843	9262	9381	9204	9995	9906	9393
ENSG00000204872	0	0	0	0	0	0
ENSG00000204923	128	93	99	121	93	99
ENSG00000204993	0	0	0	0	0	0
ENSG00000205111	0	1	2	1	2	2
ENSG00000205221	374	423	474	152	190	163
ENSG00000205639	39	56	44	44	64	59
ENSG00000205716	0	0	0	0	0	0
ENSG00000205795	0	0	4	0	0	3
ENSG00000205847	0	0	0	0	0	0
ENSG00000206882	0	0	0	0	0	0
ENSG00000207186	0	0	0	0	0	0
ENSG00000211460	7746	7458	7352	7980	8841	7633
ENSG00000211592	1	4	0	1	40	0
ENSG00000211593	0	0	0	0	0	0
ENSG00000211594	0	0	0	0	0	0
ENSG00000211595	0	0	0	0	0	0
ENSG00000211596	0	0	0	0	0	0
ENSG00000211597	0	0	0	0	0	0
ENSG00000211598	0	0	0	0	0	0
ENSG00000211599	0	0	0	0	0	0
ENSG00000211611	0	0	0	0	0	0
ENSG00000211623	0	0	0	0	0	0
ENSG00000211625	0	0	0	0	0	0
ENSG00000211626	0	0	0	0	0	0
ENSG00000211632	0	0	0	0	0	0
ENSG00000211633	0	0	0	0	0	0
ENSG00000212171	0	0	0	0	0	0
ENSG00000212204	0	0	0	0	0	0
ENSG00000212312	0	0	0	1	0	0
ENSG00000212425	0	0	0	0	0	0
ENSG00000213048	0	0	0	0	0	0
ENSG00000213055	0	0	0	0	0	0
ENSG00000213069	0	0	0	0	0	0
ENSG00000213081	0	0	0	0	0	0
ENSG00000213082	1	1	1	0	0	1
ENSG00000213083	0	0	0	0	0	0
ENSG00000213090	2	2	4	2	2	3
ENSG00000213104	14	10	31	15	20	53
ENSG00000213107	0	0	0	0	0	0
ENSG00000213110	0	0	0	0	0	0
ENSG00000213115	0	0	0	0	0	0
ENSG00000213120	0	1	0	0	0	0
ENSG00000213126	0	0	0	0	0	0
ENSG00000213148	0	0	0	0	0	0
ENSG00000213160	1346	1399	1457	1655	1824	1539
ENSG00000213189	174	177	187	274	289	277
ENSG00000213194	0	0	0	0	0	4
ENSG00000213197	3	0	3	0	1	5
ENSG00000213201	0	0	0	0	0	0
ENSG00000213222	35	25	35	29	39	54
ENSG00000213225	23	17	33	25	23	41
ENSG00000213236	157	137	166	126	159	133
ENSG00000213239	6	3	5	1	2	1
ENSG00000213295	0	0	0	0	0	0
ENSG00000213301	0	0	0	0	0	0
ENSG00000213337	401	424	334	382	464	384
ENSG00000213355	0	0	0	0	0	0
ENSG00000213399	41	49	88	41	41	75
ENSG00000213400	0	0	0	0	0	0
ENSG00000213403	1	0	1	0	0	0
ENSG00000213453	22	16	35	21	22	54
ENSG00000213486	0	0	0	0	0	0
ENSG00000213495	0	0	0	0	0	0
ENSG00000213553	2463	2571	3282	2583	2606	3277
ENSG00000213594	0	0	0	0	0	0
ENSG00000213601	0	0	0	0	1	0
ENSG00000213605	0	0	0	0	0	1
ENSG00000213620	0	0	0	0	0	0
ENSG00000213626	11	11	17	13	19	9
ENSG00000213639	13334	13187	13398	13617	15230	12991
ENSG00000213699	2106	2315	2101	2165	2315	1989
ENSG00000213729	0	1	0	0	0	0
ENSG00000213739	0	0	0	0	0	0
ENSG00000213772	1	3	0	1	1	1
ENSG00000213774	0	0	0	0	0	0
ENSG00000213901	6	7	8	5	12	8
ENSG00000213917	0	1	0	0	1	1
ENSG00000213925	0	0	3	0	2	1
ENSG00000213938	0	1	3	0	2	0
ENSG00000213946	0	0	0	0	0	0
ENSG00000213958	3	2	13	2	2	7
ENSG00000213962	0	1	0	0	0	2
ENSG00000214024	0	0	0	0	0	0
ENSG00000214025	0	0	0	0	0	0
ENSG00000214064	0	0	0	0	0	0
ENSG00000214070	0	0	0	0	1	0
ENSG00000214077	5	4	2	8	8	7
ENSG00000214081	0	0	0	0	0	0
ENSG00000214100	0	0	0	0	0	0
ENSG00000214199	36	23	34	33	33	44
ENSG00000214211	0	0	0	0	0	0
ENSG00000214329	0	0	0	0	0	0
ENSG00000214330	0	0	0	0	0	0
ENSG00000214336	6	7	9	6	6	6
ENSG00000214354	0	0	1	0	0	1
ENSG00000214369	8	5	4	3	12	3
ENSG00000214429	3	2	1	3	3	4
ENSG00000214465	0	0	1	0	0	1
ENSG00000214484	0	0	0	0	0	0
ENSG00000214513	0	0	0	0	1	0
ENSG00000214525	0	0	0	0	0	0
ENSG00000214533	1	0	5	0	2	2
ENSG00000214595	429	461	407	374	429	328
ENSG00000214602	0	0	0	0	0	0
ENSG00000214657	0	0	0	0	0	0
ENSG00000214694	6	5	0	2	2	0
ENSG00000214711	0	0	0	0	0	0
ENSG00000214821	1	1	2	2	3	1
ENSG00000214842	0	0	0	0	0	1
ENSG00000214843	0	0	0	0	0	0
ENSG00000214866	0	0	0	0	0	0
ENSG00000215043	0	0	0	0	0	0
ENSG00000215263	0	0	0	0	0	0
ENSG00000216721	0	0	0	0	0	0
ENSG00000216867	0	0	0	1	0	0
ENSG00000216921	0	0	0	0	0	0
ENSG00000217236	2	0	0	1	2	1
ENSG00000217289	0	1	3	0	2	1
ENSG00000217643	0	1	0	0	2	0
ENSG00000217718	0	0	0	0	0	0
ENSG00000217950	10	12	25	18	20	29
ENSG00000218175	52	33	105	39	28	113
ENSG00000218682	2	0	0	2	2	0
ENSG00000218739	3471	3684	3569	3512	4129	3597
ENSG00000218819	0	0	0	0	0	0
ENSG00000219391	0	1	0	0	0	1
ENSG00000219626	54	61	70	70	66	65
ENSG00000220804	12	13	26	15	15	20
ENSG00000221823	6248	6198	6118	6907	7165	6536
ENSG00000221843	0	0	0	0	0	0
ENSG00000221849	0	0	0	0	0	0
ENSG00000221944	346	416	414	418	505	397
ENSG00000222014	51	32	46	41	45	57
ENSG00000222038	0	0	0	0	0	0
ENSG00000222232	0	0	0	0	0	0
ENSG00000222251	0	0	0	0	0	0
ENSG00000222317	0	0	0	0	0	0
ENSG00000222418	0	0	0	0	0	0
ENSG00000222832	0	0	0	0	0	0
ENSG00000222835	0	0	0	0	0	0
ENSG00000222921	0	0	0	0	0	0
ENSG00000223092	0	0	0	0	0	0
ENSG00000223290	0	0	0	0	0	0
ENSG00000223318	0	0	0	0	0	0
ENSG00000223349	0	0	0	0	0	0
ENSG00000223427	1	2	1	4	4	5
ENSG00000223433	0	0	0	0	0	0
ENSG00000223549	0	1	0	0	0	0
ENSG00000223564	0	0	0	0	0	0
ENSG00000223604	0	0	0	0	0	0
ENSG00000223619	0	0	0	0	0	0
ENSG00000223640	0	0	0	0	0	0
ENSG00000223658	13	9	9	3	4	1
ENSG00000223691	0	0	0	0	0	0
ENSG00000223703	1	3	2	0	2	2
ENSG00000223710	0	0	0	0	0	0
ENSG00000223739	0	0	0	0	0	0
ENSG00000223760	0	0	0	0	0	0
ENSG00000223777	0	0	0	0	0	0
ENSG00000223788	1	0	0	3	1	1
ENSG00000223816	0	0	0	0	0	0
ENSG00000223824	0	0	0	0	0	0
ENSG00000223825	7	4	3	4	5	3
ENSG00000223873	0	0	1	0	0	0
ENSG00000223890	0	0	0	0	0	0
ENSG00000223897	0	0	0	0	0	0
ENSG00000223903	0	0	0	0	0	0
ENSG00000223917	0	0	0	0	0	0
ENSG00000223921	0	0	0	0	0	0
ENSG00000223922	4	3	6	3	4	9
ENSG00000223951	0	0	0	0	0	0
ENSG00000223962	0	0	0	0	0	0
ENSG00000223973	0	0	0	0	0	0
ENSG00000223976	0	0	0	0	0	0
ENSG00000223977	0	0	0	0	0	0
ENSG00000224007	0	0	0	0	0	0
ENSG00000224019	0	0	0	0	0	0
ENSG00000224041	0	1	0	0	0	0
ENSG00000224058	0	3	3	4	3	0
ENSG00000224061	1	0	0	3	1	1
ENSG00000224070	0	0	0	0	0	0
ENSG00000224071	0	0	0	0	0	0
ENSG00000224121	0	0	0	0	0	0
ENSG00000224159	0	0	0	0	0	0
ENSG00000224160	0	0	0	0	0	0
ENSG00000224219	0	0	0	0	0	0
ENSG00000224232	0	0	0	0	0	0
ENSG00000224252	0	0	0	0	0	0
ENSG00000224288	0	0	0	0	0	0
ENSG00000224291	0	0	0	0	0	0
ENSG00000224299	0	0	0	0	0	0
ENSG00000224323	0	0	0	0	0	0
ENSG00000224331	1	0	4	2	3	1
ENSG00000224337	0	0	0	0	0	0
ENSG00000224344	0	0	0	0	0	0
ENSG00000224346	0	0	0	0	0	0
ENSG00000224352	0	0	0	0	0	0
ENSG00000224410	0	0	0	0	0	0
ENSG00000224414	1	2	1	0	1	0
ENSG00000224425	1	0	0	0	0	0
ENSG00000224442	0	0	0	0	0	0
ENSG00000224443	0	0	0	0	0	0
ENSG00000224463	0	0	0	0	0	0
ENSG00000224464	2	0	1	0	0	0
ENSG00000224529	0	0	0	0	0	0
ENSG00000224553	0	0	1	0	1	0
ENSG00000224585	0	0	0	0	0	0
ENSG00000224590	0	0	0	0	0	0
ENSG00000224604	0	0	0	0	0	0
ENSG00000224607	0	0	0	0	0	0
ENSG00000224627	0	0	0	0	0	0
ENSG00000224637	0	0	0	0	0	0
ENSG00000224646	0	0	0	0	0	0
ENSG00000224670	0	0	0	0	0	0
ENSG00000224672	0	0	0	0	0	0
ENSG00000224674	0	0	0	0	1	0
ENSG00000224679	0	0	0	0	0	0
ENSG00000224695	0	0	0	0	0	0
ENSG00000224719	0	0	0	0	0	0
ENSG00000224791	6	2	3	4	1	2
ENSG00000224826	2	0	3	3	6	3
ENSG00000224839	0	0	0	0	0	3
ENSG00000224852	0	0	0	0	0	0
ENSG00000224869	0	0	0	0	0	0
ENSG00000224881	51	58	64	95	111	64
ENSG00000224891	0	0	0	0	0	0
ENSG00000224928	0	4	4	2	1	0
ENSG00000224967	1	2	0	0	1	1
ENSG00000225024	0	0	0	0	0	0
ENSG00000225045	0	0	0	0	0	0
ENSG00000225108	2	0	2	2	2	0
ENSG00000225124	0	0	0	0	0	0
ENSG00000225136	0	0	0	0	0	0
ENSG00000225182	0	0	0	0	0	0
ENSG00000225304	0	0	0	0	0	0
ENSG00000225369	0	0	0	0	0	0
ENSG00000225392	0	0	2	1	0	3
ENSG00000225394	0	0	0	0	0	0
ENSG00000225398	0	0	0	0	0	0
ENSG00000225402	2	1	3	0	1	0
ENSG00000225406	8	2	9	6	8	4
ENSG00000225428	0	0	0	0	0	0
ENSG00000225448	0	0	0	0	0	0
ENSG00000225449	0	0	0	0	0	0
ENSG00000225476	0	0	0	0	0	0
ENSG00000225496	0	0	2	0	1	0
ENSG00000225523	0	0	0	0	0	0
ENSG00000225594	0	0	0	0	0	0
ENSG00000225636	0	0	0	0	0	0
ENSG00000225642	1	0	0	0	0	1
ENSG00000225658	0	0	0	0	0	0
ENSG00000225669	0	0	0	0	0	0
ENSG00000225695	85	86	93	101	82	111
ENSG00000225787	0	0	0	0	0	0
ENSG00000225796	0	0	0	0	0	0
ENSG00000225808	3	7	4	4	10	3
ENSG00000225813	10	17	4	10	17	5
ENSG00000225842	0	0	0	0	0	0
ENSG00000225900	0	0	0	0	0	0
ENSG00000225911	0	0	0	0	0	0
ENSG00000225933	0	0	0	0	0	0
ENSG00000225943	0	0	0	0	0	0
ENSG00000225991	2	1	1	1	0	1
ENSG00000226034	0	0	0	0	0	0
ENSG00000226058	0	0	0	0	0	0
ENSG00000226065	0	2	0	0	0	1
ENSG00000226072	0	0	0	0	0	0
ENSG00000226080	0	0	0	0	0	0
ENSG00000226114	0	0	0	0	0	0
ENSG00000226121	772	776	744	970	1067	873
ENSG00000226124	10	16	13	15	18	18
ENSG00000226131	0	0	1	2	0	0
ENSG00000226185	0	0	0	0	0	0
ENSG00000226186	0	0	0	0	0	0
ENSG00000226213	0	0	0	0	0	0
ENSG00000226242	0	0	0	0	0	0
ENSG00000226247	0	0	0	0	0	0
ENSG00000226261	0	0	0	0	0	0
ENSG00000226273	0	0	0	0	0	0
ENSG00000226297	0	0	0	0	0	0
ENSG00000226321	2	1	0	0	0	0
ENSG00000226331	0	0	0	0	0	0
ENSG00000226338	0	0	0	0	0	0
ENSG00000226340	0	0	0	0	0	0
ENSG00000226341	0	0	0	0	0	0
ENSG00000226366	0	0	0	0	0	0
ENSG00000226410	0	0	0	0	0	0
ENSG00000226473	0	0	0	0	0	0
ENSG00000226479	2016	2036	1871	2376	2441	2074
ENSG00000226481	0	0	0	0	0	0
ENSG00000226491	0	0	0	0	0	0
ENSG00000226523	0	0	0	0	0	0
ENSG00000226539	0	1	1	0	0	0
ENSG00000226553	0	0	0	0	1	0
ENSG00000226564	376	349	469	405	440	430
ENSG00000226658	0	0	0	0	0	0
ENSG00000226666	3	6	22	7	6	29
ENSG00000226700	0	0	0	0	0	0
ENSG00000226718	0	0	0	0	0	0
ENSG00000226726	0	0	0	0	0	0
ENSG00000226789	3	9	6	7	16	5
ENSG00000226831	0	0	0	0	0	0
ENSG00000226839	0	0	0	0	0	0
ENSG00000226847	0	0	0	0	0	0
ENSG00000226860	0	0	0	0	0	0
ENSG00000226878	0	0	0	0	0	0
ENSG00000226884	0	0	0	0	0	0
ENSG00000226886	0	0	0	0	0	0
ENSG00000226905	0	0	0	0	0	0
ENSG00000226915	0	0	1	0	0	1
ENSG00000226928	0	0	0	0	0	0
ENSG00000226946	0	0	0	0	0	0
ENSG00000226961	12	7	6	5	15	10
ENSG00000226972	0	0	2	0	0	2
ENSG00000226991	0	0	0	0	0	0
ENSG00000227004	0	0	0	0	0	0
ENSG00000227055	0	0	0	0	0	0
ENSG00000227133	1	0	0	0	0	0
ENSG00000227134	0	0	0	0	0	0
ENSG00000227149	0	0	0	0	0	0
ENSG00000227176	0	1	1	1	1	0
ENSG00000227180	0	0	0	0	0	0
ENSG00000227187	0	0	0	0	0	1
ENSG00000227238	4	4	6	0	0	0
ENSG00000227241	0	0	0	0	0	0
ENSG00000227259	0	1	0	0	0	0
ENSG00000227265	0	0	0	0	0	0
ENSG00000227270	0	0	0	0	0	0
ENSG00000227275	0	0	0	0	0	0
ENSG00000227291	0	0	0	0	0	0
ENSG00000227331	0	0	0	0	0	0
ENSG00000227347	20	19	41	24	24	28
ENSG00000227348	0	0	0	0	0	0
ENSG00000227361	0	0	0	0	0	0
ENSG00000227368	0	3	1	0	1	0
ENSG00000227394	1	0	0	0	1	0
ENSG00000227430	0	0	0	0	0	0
ENSG00000227454	0	0	0	0	0	0
ENSG00000227470	17	26	15	18	24	13
ENSG00000227497	0	0	0	0	0	0
ENSG00000227513	0	0	0	0	0	0
ENSG00000227557	0	0	0	0	0	0
ENSG00000227597	0	0	0	0	0	0
ENSG00000227623	0	0	0	0	0	0
ENSG00000227632	0	1	4	0	6	0
ENSG00000227653	2	0	2	3	0	5
ENSG00000227661	0	0	0	0	0	0
ENSG00000227682	0	0	0	0	0	0
ENSG00000227692	0	0	0	0	0	0
ENSG00000227736	0	0	0	0	0	0
ENSG00000227738	0	0	0	0	0	0
ENSG00000227745	0	0	0	0	0	0
ENSG00000227770	0	5	0	1	0	1
ENSG00000227788	0	0	0	0	0	0
ENSG00000227789	0	0	0	0	0	0
ENSG00000227791	0	0	0	0	0	0
ENSG00000227799	0	0	0	0	0	0
ENSG00000227802	0	0	0	0	0	0
ENSG00000227817	0	0	0	0	0	0
ENSG00000227841	0	0	0	0	0	0
ENSG00000227842	0	0	0	0	0	0
ENSG00000227846	0	0	0	0	0	0
ENSG00000227878	0	0	0	0	0	0
ENSG00000227890	0	0	0	0	0	0
ENSG00000227992	21	24	23	8	23	11
ENSG00000228034	0	0	3	1	1	1
ENSG00000228098	0	0	0	0	0	0
ENSG00000228111	0	0	0	0	0	0
ENSG00000228134	0	0	0	0	0	0
ENSG00000228209	0	0	0	0	0	0
ENSG00000228225	0	0	0	0	0	0
ENSG00000228236	0	0	1	1	0	0
ENSG00000228305	40	46	100	54	39	83
ENSG00000228325	0	0	0	0	0	0
ENSG00000228374	0	0	0	0	0	0
ENSG00000228380	0	0	0	0	0	0
ENSG00000228445	0	0	0	0	0	0
ENSG00000228446	0	5	3	2	2	2
ENSG00000228471	0	0	0	0	0	0
ENSG00000228474	1974	2033	1793	1913	1873	1909
ENSG00000228486	57	62	48	18	44	39
ENSG00000228499	0	0	0	0	0	0
ENSG00000228507	0	1	2	2	1	4
ENSG00000228513	0	0	0	0	0	0
ENSG00000228551	0	0	0	0	0	0
ENSG00000228568	0	0	0	0	0	0
ENSG00000228585	0	0	0	0	0	0
ENSG00000228615	0	0	0	0	0	0
ENSG00000228670	0	0	0	0	0	0
ENSG00000228681	0	1	0	0	0	0
ENSG00000228721	0	0	0	0	0	0
ENSG00000228837	0	0	0	0	0	0
ENSG00000228848	0	0	0	0	0	0
ENSG00000228872	0	0	0	0	0	0
ENSG00000228884	0	0	0	0	0	0
ENSG00000228898	0	0	0	0	0	0
ENSG00000228902	0	0	0	0	0	0
ENSG00000228937	0	0	0	0	0	0
ENSG00000228949	0	0	0	0	0	0
ENSG00000228970	0	0	0	0	0	0
ENSG00000229013	0	0	0	0	0	0
ENSG00000229023	0	1	0	0	0	0
ENSG00000229087	0	0	0	0	0	0
ENSG00000229089	0	0	0	0	0	0
ENSG00000229104	0	0	0	0	0	0
ENSG00000229143	0	0	0	0	0	0
ENSG00000229150	0	0	0	0	0	0
ENSG00000229172	2	3	4	3	11	1
ENSG00000229173	0	0	0	0	0	0
ENSG00000229221	0	0	1	0	0	0
ENSG00000229326	1	0	1	0	2	0
ENSG00000229360	0	0	0	0	0	0
ENSG00000229405	0	0	0	0	0	0
ENSG00000229462	0	0	0	0	0	0
ENSG00000229503	6	5	9	8	6	5
ENSG00000229560	0	0	0	0	0	0
ENSG00000229568	0	0	0	0	0	0
ENSG00000229593	0	0	0	0	0	0
ENSG00000229604	0	0	1	1	0	0
ENSG00000229641	0	0	0	0	0	0
ENSG00000229648	0	0	0	0	0	0
ENSG00000229670	0	0	0	0	0	0
ENSG00000229682	0	0	0	0	0	0
ENSG00000229689	0	0	0	0	0	0
ENSG00000229695	0	0	0	0	0	0
ENSG00000229701	0	0	0	0	0	0
ENSG00000229730	0	0	0	0	0	0
ENSG00000229744	0	0	0	0	0	0
ENSG00000229754	0	0	0	0	0	0
ENSG00000229758	0	0	0	0	0	0
ENSG00000229781	0	0	0	0	0	0
ENSG00000229798	0	0	0	0	0	0
ENSG00000229816	3	8	9	6	12	14
ENSG00000229827	0	0	0	0	0	0
ENSG00000229831	0	0	0	0	0	0
ENSG00000229890	0	0	0	0	0	0
ENSG00000229920	3	1	0	0	0	1
ENSG00000229935	0	0	0	0	0	0
ENSG00000229948	0	0	0	0	0	0
ENSG00000230006	0	0	0	0	0	0
ENSG00000230037	0	1	0	1	1	1
ENSG00000230044	0	0	0	0	0	0
ENSG00000230047	0	0	0	0	0	0
ENSG00000230076	291	274	289	345	296	337
ENSG00000230083	0	0	0	0	0	0
ENSG00000230104	0	0	0	0	0	0
ENSG00000230118	0	0	0	0	0	0
ENSG00000230122	0	0	0	1	0	0
ENSG00000230154	1	3	5	4	4	3
ENSG00000230158	0	0	0	0	0	0
ENSG00000230237	0	0	0	0	0	0
ENSG00000230251	1	0	0	0	0	0
ENSG00000230282	0	0	0	0	0	0
ENSG00000230299	0	0	0	0	1	1
ENSG00000230327	0	0	0	0	0	0
ENSG00000230343	0	0	0	0	0	0
ENSG00000230353	0	0	0	0	0	0
ENSG00000230355	0	0	0	1	0	0
ENSG00000230384	0	0	0	0	0	0
ENSG00000230391	0	0	0	0	0	0
ENSG00000230395	0	0	0	0	0	0
ENSG00000230406	0	0	0	0	0	0
ENSG00000230407	0	0	0	0	0	0
ENSG00000230450	0	0	1	0	0	0
ENSG00000230477	0	0	0	0	0	0
ENSG00000230482	0	0	0	0	0	0
ENSG00000230496	0	0	0	0	0	0
ENSG00000230548	0	0	0	0	0	0
ENSG00000230559	0	0	0	0	0	0
ENSG00000230562	36	29	31	31	28	31
ENSG00000230572	1	0	0	0	0	1
ENSG00000230580	3	2	5	2	1	8
ENSG00000230595	0	0	1	0	0	0
ENSG00000230596	0	0	0	0	0	0
ENSG00000230603	0	0	0	0	0	0
ENSG00000230611	0	0	0	0	0	0
ENSG00000230621	0	0	0	0	0	0
ENSG00000230646	0	0	0	0	0	0
ENSG00000230650	10	6	14	34	46	20
ENSG00000230702	1	0	1	1	0	0
ENSG00000230756	0	1	0	0	0	0
ENSG00000230783	1	1	1	0	2	0
ENSG00000230799	1	0	1	0	0	0
ENSG00000230840	0	0	0	0	0	0
ENSG00000230886	0	0	0	0	0	0
ENSG00000230950	0	0	0	0	0	0
ENSG00000230958	0	0	0	0	0	0
ENSG00000230964	2	1	0	1	0	0
ENSG00000230979	372	353	405	436	425	464
ENSG00000230992	0	0	0	0	0	0
ENSG00000230993	0	0	0	0	0	0
ENSG00000231017	0	0	0	0	0	0
ENSG00000231032	0	0	0	0	0	0
ENSG00000231035	8	2	7	3	7	7
ENSG00000231043	20	18	42	22	19	41
ENSG00000231063	0	0	0	0	0	0
ENSG00000231099	0	0	0	0	0	0
ENSG00000231124	0	0	0	0	0	0
ENSG00000231147	0	0	0	0	0	0
ENSG00000231158	4	1	0	2	1	1
ENSG00000231203	14	15	54	14	17	24
ENSG00000231240	0	0	0	0	0	0
ENSG00000231254	0	0	0	0	0	0
ENSG00000231259	385	415	375	484	473	411
ENSG00000231278	0	0	0	0	0	0
ENSG00000231292	0	0	1	0	1	0
ENSG00000231331	0	0	0	0	0	0
ENSG00000231351	0	0	0	0	0	0
ENSG00000231386	0	0	0	0	0	0
ENSG00000231414	4	0	2	2	2	5
ENSG00000231431	0	0	0	0	0	0
ENSG00000231445	0	0	0	0	0	0
ENSG00000231494	0	0	0	0	0	0
ENSG00000231541	0	0	0	0	0	0
ENSG00000231546	0	0	0	0	0	0
ENSG00000231550	0	0	0	0	0	0
ENSG00000231567	0	0	0	0	0	0
ENSG00000231570	0	0	0	0	0	0
ENSG00000231583	0	0	0	0	0	0
ENSG00000231584	25	23	21	15	15	12
ENSG00000231610	0	0	0	0	0	0
ENSG00000231635	0	0	0	0	0	0
ENSG00000231655	0	0	0	0	0	0
ENSG00000231675	0	0	0	0	0	0
ENSG00000231699	0	0	0	0	0	0
ENSG00000231712	0	0	0	0	0	0
ENSG00000231722	0	0	0	0	0	0
ENSG00000231723	0	0	0	0	0	0
ENSG00000231735	0	0	0	0	0	0
ENSG00000231739	0	0	0	0	0	0
ENSG00000231747	7	3	17	8	8	6
ENSG00000231766	0	0	0	0	0	0
ENSG00000231777	0	0	0	0	0	0
ENSG00000231802	0	0	0	0	0	0
ENSG00000231821	0	0	1	0	1	0
ENSG00000231822	44	39	41	43	52	40
ENSG00000231848	2	1	1	2	0	2
ENSG00000231926	0	0	0	0	0	0
ENSG00000231954	0	0	0	0	0	0
ENSG00000232089	0	0	0	0	0	0
ENSG00000232090	0	0	0	0	0	0
ENSG00000232101	0	0	0	0	1	0
ENSG00000232114	0	0	0	0	0	0
ENSG00000232125	0	0	0	0	0	0
ENSG00000232128	0	0	0	0	0	0
ENSG00000232133	1	0	0	0	0	0
ENSG00000232144	0	0	0	0	0	0
ENSG00000232202	0	0	0	0	1	2
ENSG00000232228	0	0	1	0	2	0
ENSG00000232238	0	3	0	0	0	0
ENSG00000232277	0	0	0	0	0	0
ENSG00000232285	0	0	0	0	0	0
ENSG00000232292	0	0	0	0	0	0
ENSG00000232320	750	691	689	623	727	604
ENSG00000232337	0	0	0	0	0	0
ENSG00000232349	0	0	0	0	0	0
ENSG00000232403	0	0	0	0	0	0
ENSG00000232409	0	0	0	0	0	0
ENSG00000232430	0	0	0	0	0	0
ENSG00000232479	1	0	0	1	3	1
ENSG00000232502	0	0	0	0	0	0
ENSG00000232503	0	0	0	0	0	0
ENSG00000232508	0	0	0	0	0	0
ENSG00000232526	1	0	1	0	0	1
ENSG00000232531	37	34	22	41	42	34
ENSG00000232556	0	0	0	0	0	0
ENSG00000232568	0	0	0	0	1	0
ENSG00000232594	0	0	0	0	0	0
ENSG00000232625	0	0	0	0	0	0
ENSG00000232631	0	0	0	0	0	0
ENSG00000232658	0	0	0	0	0	0
ENSG00000232668	0	0	0	0	0	0
ENSG00000232690	0	0	0	0	0	0
ENSG00000232713	0	0	0	1	0	0
ENSG00000232717	0	0	0	0	0	0
ENSG00000232718	0	0	0	0	0	0
ENSG00000232723	0	0	0	0	0	0
ENSG00000232742	0	0	0	0	0	0
ENSG00000232747	0	0	0	0	0	0
ENSG00000232760	0	0	0	0	0	0
ENSG00000232772	0	0	0	0	0	0
ENSG00000232789	0	0	0	0	0	0
ENSG00000232799	0	0	0	0	0	0
ENSG00000232800	0	0	0	0	0	0
ENSG00000232915	0	0	0	0	0	0
ENSG00000232963	0	0	0	0	0	0
ENSG00000232970	0	0	0	0	0	0
ENSG00000232979	0	0	0	0	0	0
ENSG00000232982	0	0	0	0	0	0
ENSG00000232990	0	0	0	0	0	0
ENSG00000232992	0	0	0	0	0	0
ENSG00000232994	1	0	0	0	0	0
ENSG00000233031	0	0	0	0	0	0
ENSG00000233037	0	0	0	0	0	0
ENSG00000233039	0	0	0	0	0	0
ENSG00000233045	51	41	58	47	54	55
ENSG00000233083	0	0	0	0	0	0
ENSG00000233087	47	53	41	83	66	65
ENSG00000233105	0	0	0	0	0	0
ENSG00000233107	0	0	0	0	0	0
ENSG00000233131	1	1	0	1	0	3
ENSG00000233134	0	0	0	0	0	0
ENSG00000233155	4	5	7	7	2	5
ENSG00000233158	0	0	0	0	0	0
ENSG00000233159	0	0	0	0	0	0
ENSG00000233204	0	0	0	0	0	0
ENSG00000233205	0	0	0	0	0	0
ENSG00000233248	0	0	0	0	0	0
ENSG00000233266	4	4	1	3	3	2
ENSG00000233275	0	0	0	0	0	0
ENSG00000233285	0	0	0	0	0	0
ENSG00000233286	0	0	0	0	0	0
ENSG00000233299	0	0	0	0	0	0
ENSG00000233307	0	0	0	0	0	0
ENSG00000233311	0	0	0	0	0	0
ENSG00000233329	0	0	0	0	0	0
ENSG00000233335	0	0	0	0	0	0
ENSG00000233370	0	0	0	0	0	0
ENSG00000233416	0	0	0	0	0	0
ENSG00000233426	263	280	292	309	260	365
ENSG00000233428	24	30	33	37	40	33
ENSG00000233444	0	0	0	0	0	0
ENSG00000233445	0	0	0	0	0	0
ENSG00000233447	0	0	0	0	0	0
ENSG00000233459	0	0	2	1	0	0
ENSG00000233494	0	0	0	0	0	0
ENSG00000233550	0	0	0	0	0	0
ENSG00000233579	0	1	0	0	0	0
ENSG00000233594	3	3	2	1	1	4
ENSG00000233608	249	248	311	403	460	389
ENSG00000233648	0	0	0	0	0	0
ENSG00000233671	0	0	0	0	0	0
ENSG00000233673	0	3	5	2	1	1
ENSG00000233702	0	0	0	0	0	0
ENSG00000233707	0	0	0	0	2	0
ENSG00000233709	0	0	0	0	0	0
ENSG00000233716	0	1	1	0	1	0
ENSG00000233741	0	0	0	0	0	0
ENSG00000233747	0	0	2	1	1	0
ENSG00000233751	0	0	0	0	0	0
ENSG00000233752	0	0	0	0	0	0
ENSG00000233757	4	2	7	3	2	2
ENSG00000233762	204	179	343	252	182	370
ENSG00000233786	74	49	51	85	85	78
ENSG00000233829	0	0	0	0	0	0
ENSG00000233868	14	11	30	24	21	25
ENSG00000233869	0	0	0	0	0	0
ENSG00000233870	0	0	0	0	0	0
ENSG00000233872	0	0	0	0	0	0
ENSG00000233888	0	0	0	0	0	0
ENSG00000233934	0	0	0	0	0	0
ENSG00000233939	0	0	0	0	0	0
ENSG00000233955	0	0	0	0	0	0
ENSG00000233971	2	0	3	2	1	2
ENSG00000233996	0	0	0	0	0	0
ENSG00000233999	0	0	0	0	1	0
ENSG00000234044	0	0	0	0	1	0
ENSG00000234060	0	0	0	0	0	0
ENSG00000234061	0	0	0	2	0	1
ENSG00000234065	0	0	0	0	0	0
ENSG00000234119	0	0	0	0	0	0
ENSG00000234143	0	0	0	0	0	0
ENSG00000234189	0	0	0	0	0	0
ENSG00000234231	126	125	140	145	117	128
ENSG00000234253	3	2	2	1	4	0
ENSG00000234272	0	0	0	0	0	0
ENSG00000234285	0	0	0	0	0	0
ENSG00000234398	0	0	0	0	0	0
ENSG00000234415	0	0	0	0	0	0
ENSG00000234429	0	0	0	0	0	0
ENSG00000234480	0	0	0	0	0	0
ENSG00000234485	0	0	0	0	0	0
ENSG00000234488	1	0	0	2	0	0
ENSG00000234491	0	0	1	0	0	0
ENSG00000234521	1	0	0	0	0	0
ENSG00000234559	0	0	0	0	0	0
ENSG00000234576	0	0	0	0	0	0
ENSG00000234587	0	0	0	0	0	0
ENSG00000234588	0	0	0	0	0	0
ENSG00000234624	0	0	1	0	0	2
ENSG00000234632	0	0	0	0	0	0
ENSG00000234645	5	2	6	3	5	7
ENSG00000234682	0	0	0	0	0	0
ENSG00000234731	0	0	0	0	0	0
ENSG00000234732	0	0	0	0	0	0
ENSG00000234837	0	0	0	0	0	0
ENSG00000234842	0	0	0	0	0	0
ENSG00000234890	0	0	0	0	0	0
ENSG00000234896	0	0	0	0	0	0
ENSG00000234898	0	0	0	0	0	0
ENSG00000234903	0	0	0	0	0	0
ENSG00000234932	0	0	0	0	0	0
ENSG00000234934	0	0	0	0	0	0
ENSG00000234939	0	0	0	0	0	0
ENSG00000234946	0	2	1	0	0	0
ENSG00000235013	0	1	2	0	1	0
ENSG00000235064	2	3	0	2	0	1
ENSG00000235080	0	0	0	0	0	0
ENSG00000235118	0	0	0	0	0	0
ENSG00000235128	0	0	0	1	0	0
ENSG00000235129	0	0	0	0	0	0
ENSG00000235147	0	0	0	0	0	0
ENSG00000235186	0	0	0	0	0	0
ENSG00000235218	0	0	0	0	0	0
ENSG00000235225	0	0	2	0	0	0
ENSG00000235232	0	0	0	0	0	0
ENSG00000235235	0	0	0	0	0	0
ENSG00000235258	0	0	0	0	0	0
ENSG00000235267	0	0	0	0	0	0
ENSG00000235289	0	0	0	0	0	0
ENSG00000235318	0	0	0	0	0	0
ENSG00000235325	0	0	0	0	0	0
ENSG00000235352	0	0	0	0	0	0
ENSG00000235369	1	0	0	0	1	2
ENSG00000235411	9	8	13	9	9	9
ENSG00000235414	0	0	0	0	0	0
ENSG00000235433	0	0	0	0	0	0
ENSG00000235440	0	0	0	0	0	0
ENSG00000235444	0	0	0	0	0	0
ENSG00000235463	0	0	0	0	0	0
ENSG00000235486	0	0	0	0	0	0
ENSG00000235548	0	0	0	0	0	0
ENSG00000235571	0	0	0	0	0	0
ENSG00000235579	0	0	0	0	0	0
ENSG00000235616	9	3	12	6	9	9
ENSG00000235640	0	0	0	0	0	0
ENSG00000235644	0	0	0	0	1	0
ENSG00000235651	0	3	3	0	4	6
ENSG00000235653	0	0	0	0	0	0
ENSG00000235655	2730	2626	2595	2777	2803	2366
ENSG00000235716	0	0	0	0	0	0
ENSG00000235721	12	7	12	16	10	15
ENSG00000235734	9	9	15	12	6	8
ENSG00000235833	3	2	1	2	6	4
ENSG00000235847	10	14	47	22	14	46
ENSG00000235861	0	0	0	0	0	0
ENSG00000235864	0	0	0	0	0	0
ENSG00000235871	0	0	0	0	0	0
ENSG00000235937	0	0	0	0	0	0
ENSG00000235951	0	0	0	0	0	0
ENSG00000235959	0	0	0	0	0	0
ENSG00000235968	0	0	0	0	0	0
ENSG00000235993	0	2	0	0	0	0
ENSG00000235995	0	0	0	0	0	0
ENSG00000236007	0	0	0	0	0	0
ENSG00000236026	0	0	0	0	0	0
ENSG00000236047	0	0	0	0	0	1
ENSG00000236090	20	19	55	18	27	39
ENSG00000236099	0	0	0	0	0	0
ENSG00000236124	6	0	5	2	4	1
ENSG00000236148	2	1	0	1	1	0
ENSG00000236167	0	0	0	0	0	0
ENSG00000236211	0	0	0	0	0	0
ENSG00000236259	0	0	0	0	2	0
ENSG00000236300	0	0	0	0	0	0
ENSG00000236307	4	4	4	5	7	2
ENSG00000236330	2	1	7	2	5	11
ENSG00000236348	5	3	3	7	3	4
ENSG00000236391	0	0	0	0	0	0
ENSG00000236397	5	9	13	4	16	5
ENSG00000236431	0	0	0	0	0	0
ENSG00000236440	0	0	0	0	0	0
ENSG00000236478	0	0	0	0	0	0
ENSG00000236516	0	1	1	0	0	0
ENSG00000236533	0	1	2	0	1	2
ENSG00000236538	0	0	0	0	0	0
ENSG00000236549	0	0	0	0	0	0
ENSG00000236555	0	0	0	0	0	0
ENSG00000236564	0	0	1	2	2	1
ENSG00000236590	0	0	0	0	0	0
ENSG00000236595	0	0	0	0	0	0
ENSG00000236596	0	0	0	0	0	0
ENSG00000236655	0	0	0	0	0	0
ENSG00000236667	0	0	0	0	0	0
ENSG00000236681	0	0	0	0	0	0
ENSG00000236695	0	0	0	0	0	0
ENSG00000236750	0	0	0	0	0	0
ENSG00000236785	0	0	0	0	0	0
ENSG00000236832	0	0	0	0	0	0
ENSG00000236847	0	0	0	0	0	0
ENSG00000236877	0	0	0	0	0	0
ENSG00000236878	0	0	0	0	0	0
ENSG00000236913	1	0	0	0	0	0
ENSG00000236917	0	0	0	0	0	0
ENSG00000236956	0	0	0	0	0	0
ENSG00000236969	0	1	0	0	0	0
ENSG00000237007	0	0	1	0	0	0
ENSG00000237016	0	0	0	0	0	0
ENSG00000237024	0	0	0	0	0	0
ENSG00000237039	63	54	49	47	57	49
ENSG00000237041	0	0	0	0	0	0
ENSG00000237053	0	0	0	0	0	0
ENSG00000237055	0	0	0	0	0	0
ENSG00000237077	0	1	0	0	0	0
ENSG00000237085	0	0	0	0	0	0
ENSG00000237162	0	0	0	0	0	0
ENSG00000237178	0	0	0	0	0	0
ENSG00000237194	0	0	0	0	0	0
ENSG00000237217	0	0	0	0	0	0
ENSG00000237223	0	0	0	0	0	0
ENSG00000237260	0	1	3	0	1	0
ENSG00000237308	0	0	0	0	0	0
ENSG00000237322	0	0	0	0	0	0
ENSG00000237383	0	0	0	0	0	0
ENSG00000237412	32377	31373	30989	38167	38191	32665
ENSG00000237442	1	0	0	0	1	0
ENSG00000237510	0	0	0	0	0	0
ENSG00000237522	3	6	3	5	7	6
ENSG00000237524	0	0	0	0	0	0
ENSG00000237542	0	0	0	0	0	0
ENSG00000237549	0	0	0	0	0	0
ENSG00000237580	0	0	0	0	0	0
ENSG00000237583	0	0	0	0	0	0
ENSG00000237617	0	0	0	0	0	0
ENSG00000237629	1	0	0	0	0	0
ENSG00000237630	1	0	0	0	1	0
ENSG00000237641	0	0	0	0	0	0
ENSG00000237651	599	632	615	685	698	616
ENSG00000237666	0	1	0	0	0	0
ENSG00000237722	0	0	0	0	0	0
ENSG00000237732	0	0	0	0	0	0
ENSG00000237745	0	0	1	0	0	0
ENSG00000237758	135	157	143	188	214	164
ENSG00000237784	0	0	0	0	0	0
ENSG00000237804	2	5	2	2	4	4
ENSG00000237824	0	0	0	0	0	0
ENSG00000237887	0	1	0	4	1	1
ENSG00000237910	0	0	0	0	0	0
ENSG00000237916	0	0	0	0	0	0
ENSG00000237930	0	0	0	0	0	0
ENSG00000237939	2	0	0	0	0	0
ENSG00000237951	0	0	0	0	0	0
ENSG00000237953	0	0	0	1	0	0
ENSG00000237964	0	0	0	0	0	0
ENSG00000237979	0	0	0	0	0	0
ENSG00000238029	0	0	0	0	0	0
ENSG00000238038	0	0	0	0	0	2
ENSG00000238046	0	0	0	0	0	0
ENSG00000238065	0	0	0	0	0	0
ENSG00000238069	0	0	0	0	0	0
ENSG00000238082	2	0	6	2	2	9
ENSG00000238111	0	0	0	0	0	0
ENSG00000238162	0	0	0	0	0	0
ENSG00000238165	1	0	0	0	0	1
ENSG00000238180	0	0	0	1	0	0
ENSG00000238259	0	0	0	0	0	0
ENSG00000238285	2	1	0	0	0	1
ENSG00000238379	0	0	0	0	0	0
ENSG00000239305	1308	1245	1354	1454	1345	1214
ENSG00000239402	0	0	0	0	2	0
ENSG00000239474	0	0	1	0	0	0
ENSG00000239571	0	0	0	0	0	0
ENSG00000239605	0	0	2	0	0	0
ENSG00000239649	0	0	0	0	0	0
ENSG00000239779	700	767	741	867	828	855
ENSG00000239819	0	0	0	0	0	0
ENSG00000239855	0	0	0	0	0	0
ENSG00000239862	0	0	0	0	0	0
ENSG00000239951	0	3	0	0	13	0
ENSG00000239975	0	0	0	0	0	0
ENSG00000239995	0	0	0	0	0	0
ENSG00000240069	1	0	0	0	0	0
ENSG00000240253	0	2	0	2	0	1
ENSG00000240286	0	0	0	0	0	0
ENSG00000240344	755	758	752	912	1002	868
ENSG00000240356	55	81	57	84	80	90
ENSG00000240382	0	1	0	0	2	0
ENSG00000240671	0	0	0	0	0	0
ENSG00000240761	0	0	0	0	0	0
ENSG00000240857	454	458	474	511	535	475
ENSG00000240864	0	0	0	0	0	0
ENSG00000240935	0	0	0	0	0	0
ENSG00000240960	0	0	0	0	0	0
ENSG00000241114	0	0	0	0	0	0
ENSG00000241119	0	0	0	0	0	0
ENSG00000241221	0	0	0	0	0	0
ENSG00000241244	0	0	0	0	1	0
ENSG00000241294	0	0	0	0	0	0
ENSG00000241351	0	1	0	0	2	0
ENSG00000241399	0	2	0	0	0	1
ENSG00000241566	0	0	0	0	0	0
ENSG00000241635	4	0	3	4	10	4
ENSG00000241755	0	0	0	0	0	0
ENSG00000241790	0	0	0	0	0	0
ENSG00000241962	24	39	26	22	38	22
ENSG00000242076	0	0	0	0	0	0
ENSG00000242272	1	0	0	0	0	0
ENSG00000242366	0	0	0	0	0	0
ENSG00000242371	0	0	0	0	0	0
ENSG00000242412	0	0	0	0	1	0
ENSG00000242441	0	0	0	0	0	0
ENSG00000242515	5	1	0	0	8	0
ENSG00000242534	0	0	0	0	0	0
ENSG00000242575	0	0	0	0	0	0
ENSG00000242580	0	0	0	0	0	0
ENSG00000242735	0	0	0	0	0	0
ENSG00000242766	0	0	0	0	0	0
ENSG00000242915	0	0	0	0	0	0
ENSG00000243063	0	0	0	0	0	0
ENSG00000243104	0	0	0	0	0	0
ENSG00000243147	2012	1988	1991	1773	1848	1671
ENSG00000243238	0	0	0	0	2	0
ENSG00000243244	20	15	13	8	13	8
ENSG00000243264	0	0	0	0	0	0
ENSG00000243290	0	0	0	0	0	0
ENSG00000243466	0	0	0	0	1	0
ENSG00000243478	0	1	0	2	0	0
ENSG00000243667	745	761	693	789	863	763
ENSG00000243792	0	0	0	0	0	0
ENSG00000243910	1	5	1	4	2	5
ENSG00000243943	1213	1254	1510	1469	1569	1516
ENSG00000244116	0	1	0	0	2	0
ENSG00000244122	1	1	0	14	2	0
ENSG00000244280	0	1	0	0	0	1
ENSG00000244301	1	0	0	0	0	0
ENSG00000244437	0	0	0	0	2	0
ENSG00000244474	0	0	0	0	0	0
ENSG00000244528	4	3	9	4	8	8
ENSG00000244563	0	0	0	0	0	0
ENSG00000244575	0	0	0	0	0	0
ENSG00000244617	0	0	2	0	0	1
ENSG00000246575	2	2	1	3	2	1
ENSG00000247626	971	939	932	1119	1179	1004
ENSG00000248114	0	0	0	0	0	0
ENSG00000248134	0	0	0	0	0	0
ENSG00000248136	0	0	0	0	0	0
ENSG00000248313	6	6	11	18	34	26
ENSG00000248672	0	0	0	0	0	0
ENSG00000248705	0	0	0	0	0	1
ENSG00000248796	0	0	0	0	0	0
ENSG00000248821	0	0	0	0	0	0
ENSG00000249177	0	0	0	0	0	0
ENSG00000249715	0	0	4	4	3	2
ENSG00000249884	2	6	4	2	6	0
ENSG00000249909	0	0	0	0	0	0
ENSG00000249997	0	0	0	0	0	0
ENSG00000250011	0	0	0	0	0	0
ENSG00000250036	0	0	0	0	0	0
ENSG00000250207	0	0	0	0	0	0
ENSG00000250565	347	395	321	346	350	312
ENSG00000250741	0	0	0	0	0	0
ENSG00000251039	0	0	0	0	0	0
ENSG00000251485	19	25	27	29	27	25
ENSG00000251491	0	0	0	1	1	0
ENSG00000251546	0	1	0	0	2	0
ENSG00000251569	0	0	0	0	0	0
ENSG00000251746	0	0	0	0	0	0
ENSG00000251850	0	0	0	0	0	0
ENSG00000251941	0	0	0	0	0	0
ENSG00000252246	0	0	0	0	0	0
ENSG00000252346	0	0	0	0	0	0
ENSG00000252674	0	0	0	0	0	0
ENSG00000252726	0	0	0	0	0	0
ENSG00000252845	0	0	0	0	0	0
ENSG00000253083	0	0	0	0	0	0
ENSG00000253127	0	0	0	0	0	0
ENSG00000253158	0	0	0	0	0	0
ENSG00000253191	0	0	0	0	0	0
ENSG00000253202	0	0	0	0	0	0
ENSG00000253265	0	0	0	0	0	0
ENSG00000253278	0	0	0	0	0	0
ENSG00000253365	0	0	0	0	0	0
ENSG00000253435	0	0	0	0	0	0
ENSG00000253461	0	0	0	0	0	0
ENSG00000253487	0	0	0	0	0	0
ENSG00000253497	0	0	0	0	0	0
ENSG00000253501	0	0	0	0	0	0
ENSG00000253578	0	0	0	0	0	0
ENSG00000253592	0	0	0	0	0	0
ENSG00000253625	0	0	0	0	0	0
ENSG00000253732	0	0	0	0	0	0
ENSG00000253765	0	0	0	0	0	0
ENSG00000253860	0	0	0	0	0	0
ENSG00000253870	0	0	0	0	0	0
ENSG00000253906	0	0	0	0	0	0
ENSG00000253998	0	0	0	0	0	0
ENSG00000253999	0	0	0	0	0	0
ENSG00000254009	0	0	0	0	0	0
ENSG00000254097	0	0	0	0	0	0
ENSG00000254098	0	0	0	0	0	0
ENSG00000254126	0	0	0	0	0	0
ENSG00000254157	0	0	0	0	0	0
ENSG00000254220	0	0	0	0	0	0
ENSG00000254292	0	0	0	0	0	0
ENSG00000254345	0	0	0	0	0	0
ENSG00000256671	8	9	19	2	4	0
ENSG00000256977	27	32	32	49	58	48
ENSG00000257207	0	0	0	0	0	0
ENSG00000257800	31	40	40	64	62	46
ENSG00000258881	0	0	0	1	0	1
ENSG00000258984	6	17	0	6	6	1
ENSG00000259056	0	0	0	0	0	0
ENSG00000259848	0	0	0	0	0	0
ENSG00000259916	0	1	0	0	2	2
ENSG00000260622	0	0	0	0	0	0
ENSG00000261209	0	0	0	0	0	0
ENSG00000261522	0	0	0	0	0	0
ENSG00000261760	0	0	0	0	0	0
ENSG00000264324	4	6	2	6	4	7
ENSG00000265897	0	0	0	0	0	0
ENSG00000266931	32	43	38	41	50	48
ENSG00000268412	48	33	26	55	44	44
ENSG00000269383	0	0	0	0	0	0
ENSG00000270193	0	0	0	0	0	0
ENSG00000270252	0	0	0	0	0	0
ENSG00000270289	0	0	0	0	0	0
ENSG00000270335	0	0	0	0	0	0
ENSG00000270354	0	0	0	0	0	0
ENSG00000270390	0	0	0	0	0	0
ENSG00000270422	0	0	0	0	0	0
ENSG00000270437	0	0	0	0	0	0
ENSG00000270447	0	0	0	0	0	0
ENSG00000270470	0	0	0	0	0	0
ENSG00000270488	0	0	0	0	0	0
ENSG00000270528	0	0	0	0	0	1
ENSG00000270532	3	1	9	3	1	9
ENSG00000270569	0	0	0	0	0	0
ENSG00000270654	0	0	0	0	0	0
ENSG00000270664	0	0	0	0	0	0
ENSG00000270677	0	0	0	0	0	0
ENSG00000270699	0	0	0	0	0	0
ENSG00000270723	0	0	0	0	0	0
ENSG00000270748	0	0	0	0	0	0
ENSG00000270757	52	41	42	49	43	95
ENSG00000270776	0	0	0	0	0	0
ENSG00000270798	0	0	0	0	0	0
ENSG00000270799	0	0	0	0	0	0
ENSG00000270815	0	0	0	0	0	0
ENSG00000270846	0	0	0	0	0	0
ENSG00000270891	0	0	0	0	0	0
ENSG00000270893	0	0	0	0	0	0
ENSG00000270915	0	0	0	0	0	0
ENSG00000270930	0	0	0	0	0	0
ENSG00000270999	0	0	0	0	0	0
ENSG00000271003	0	0	0	0	0	0
ENSG00000271014	0	0	0	0	0	0
ENSG00000271015	0	0	0	0	0	0
ENSG00000271070	0	0	0	0	0	0
ENSG00000271074	0	0	0	0	0	0
ENSG00000271097	0	0	0	0	0	0
ENSG00000271115	0	0	0	0	0	0
ENSG00000271134	0	0	0	0	0	0
ENSG00000271146	0	0	0	0	0	0
ENSG00000271153	0	0	1	1	1	1
ENSG00000271179	0	0	0	0	0	0
ENSG00000271243	0	0	0	0	0	0
ENSG00000271284	0	0	0	0	0	0
ENSG00000271315	0	0	0	0	0	0
ENSG00000271351	0	0	0	0	0	0
ENSG00000271356	0	0	0	0	0	0
ENSG00000271402	0	0	0	0	0	0
ENSG00000271435	0	0	0	0	0	0
ENSG00000271443	0	0	0	0	1	0
ENSG00000271532	0	1	0	0	0	0
ENSG00000271536	0	0	0	0	0	0
ENSG00000271569	0	0	0	0	0	0
ENSG00000271583	0	0	0	0	0	0
ENSG00000271597	0	0	1	0	0	0
ENSG00000271615	0	0	0	0	0	0
ENSG00000271627	0	0	0	0	0	0
ENSG00000271629	0	0	0	0	0	0
ENSG00000271635	0	0	0	0	0	0
ENSG00000271639	0	0	0	0	0	0
ENSG00000271657	0	0	0	0	0	0
ENSG00000271667	0	0	0	0	0	0
ENSG00000271707	1	2	3	1	0	3
ENSG00000271924	1	0	2	0	0	1
ENSG00000273045	34	34	66	49	46	55
ENSG00000273155	14	21	18	3	18	9
ENSG00000273269	0	1	0	0	0	0
ENSG00000273398	8	15	6	13	8	3
ENSG00000273595	0	0	0	0	0	0
ENSG00000273634	0	0	0	0	0	0
ENSG00000273763	0	0	0	1	0	0
ENSG00000273962	0	0	0	0	0	0
ENSG00000274010	0	3	2	3	2	1
ENSG00000274028	0	0	0	0	0	0
ENSG00000274049	53	36	15	27	113	12
ENSG00000274286	34	30	36	4	2	2
ENSG00000274346	1	1	0	0	0	0
ENSG00000274353	0	0	0	0	0	0
ENSG00000274977	0	0	0	0	0	0
ENSG00000275052	6526	6400	6237	8021	8706	7456
ENSG00000275094	0	0	0	0	0	0
ENSG00000275111	169	161	180	215	226	196
ENSG00000275157	0	0	0	0	0	0
ENSG00000275381	0	0	0	0	0	0
ENSG00000275423	0	0	0	0	0	0
ENSG00000275490	0	0	0	0	0	0
ENSG00000275497	0	0	0	0	0	0
ENSG00000275597	1	0	0	0	0	0
ENSG00000275768	0	0	0	0	0	0
ENSG00000276050	0	0	0	0	0	0
ENSG00000276087	0	1	0	0	0	0
ENSG00000276362	0	0	0	0	0	0
ENSG00000276460	0	0	0	0	0	0
ENSG00000276566	0	0	0	0	0	0
ENSG00000276828	0	0	0	0	0	1
ENSG00000276949	0	0	0	0	0	0
ENSG00000277171	0	0	0	0	0	0
ENSG00000277498	1	0	0	0	1	0
ENSG00000277747	0	0	0	0	0	0
ENSG00000277852	0	0	0	0	0	0
ENSG00000277893	1	0	0	0	1	0
ENSG00000277998	107	87	122	130	101	135
ENSG00000278083	0	0	0	0	0	0
ENSG00000278131	0	0	0	0	0	0
ENSG00000278537	0	0	0	0	0	0
ENSG00000278593	0	0	0	0	0	0
ENSG00000278631	0	0	0	0	0	0
ENSG00000278857	0	0	0	0	0	0
ENSG00000279307	90	74	98	114	113	131
ENSG00000279897	0	0	0	0	0	0
ENSG00000279956	4	3	4	4	6	5
ENSG00000280537	13	14	9	6	11	12
ENSG00000282785	0	0	0	0	0	0
ENSG00000283132	3	2	1	4	6	6
ENSG00000283167	0	0	1	0	0	0
ENSG00000283196	5	12	4	1	8	5
ENSG00000283202	0	0	0	0	0	0
ENSG00000283214	0	0	0	0	0	0
ENSG00000283228	394	322	353	308	450	353
ENSG00000283270	0	0	0	0	0	0
ENSG00000283283	0	1	0	1	0	2
ENSG00000283312	7	9	8	8	13	10
ENSG00000283427	0	0	0	0	0	0
ENSG00000283428	0	0	0	0	0	0
ENSG00000283451	0	0	0	0	0	0
ENSG00000283491	1	5	7	1	9	3
ENSG00000283586	0	0	0	0	0	0
ENSG00000283657	0	0	0	0	0	0
ENSG00000283659	0	0	0	0	0	0
ENSG00000283698	0	1	1	0	2	0
ENSG00000283865	0	0	0	0	0	0
ENSG00000283940	0	0	0	0	0	0
ENSG00000284003	0	0	0	0	0	0
ENSG00000284167	0	0	0	0	0	0
ENSG00000284171	0	0	0	0	0	0
ENSG00000284308	5	9	19	2	3	1
ENSG00000284337	0	0	0	0	0	0
ENSG00000284479	4	3	12	3	4	6
ENSG00000284619	0	0	0	0	0	0
ENSG00000284622	0	0	0	0	0	0
ENSG00000284629	0	0	0	0	0	0
ENSG00000284631	0	0	0	0	0	0
ENSG00000284635	0	0	0	0	0	0
ENSG00000284643	0	0	0	0	0	0
ENSG00000284659	0	0	0	0	0	0
ENSG00000284667	0	0	0	0	0	0
ENSG00000284701	0	0	0	0	0	0
ENSG00000284704	0	0	0	0	0	0
ENSG00000284706	0	0	0	0	0	0
ENSG00000284718	0	0	0	0	0	0
ENSG00000284725	0	0	0	0	0	0
ENSG00000284820	63	54	42	44	77	67
ENSG00000284932	0	0	0	0	0	0
ENSG00000285542	0	0	0	0	0	0
ENSG00000285626	0	0	0	0	0	0
ENSG00000285843	0	0	0	0	0	0
ENSG00000286053	7	19	0	7	0	2
ENSG00000286095	2	2	2	2	2	2
ENSG00000286143	0	0	0	0	0	0
ENSG00000286156	54	69	72	46	45	35
ENSG00000286165	0	0	0	2	0	0
ENSG00000286239	0	12	7	8	9	8
ENSG00000286905	49	68	53	53	48	63
ENSG00000287071	0	0	0	0	0	0
ENSG00000288031	9	19	16	15	21	17
ENSG00000288437	0	0	0	0	1	0
ENSG00000288658	0	0	0	0	0	0
ENSG00000288702	0	0	0	0	0	3
ENSG00000288705	0	0	0	0	0	0
ENSG00000289490	0	0	0	0	0	0
ENSG00000289685	0	0	0	0	0	0
ENSG00000293137	283	287	276	387	445	371
ENSG00000293584	0	0	0	0	0	0
ENSG00000293615	170	185	203	217	225	198
ENSG00000310583	0	0	0	0	0	3
